CHROM	START	END	erythroblast-1_METH	erythroblast-1_DEPTH	erythroblast-2_METH	erythroblast-2_DEPTH	neutrophil-1_METH	neutrophil-1_DEPTH	neutrophil-2_METH	neutrophil-2_DEPTH	neutrophil-3_METH	neutrophil-3_DEPTH	neutrophil-4_METH	neutrophil-4_DEPTH	neutrophil-5_METH	neutrophil-5_DEPTH	neutrophil-6_METH	neutrophil-6_DEPTH	neutrophil-7_METH	neutrophil-7_DEPTH	monocyte-1_METH	monocyte-1_DEPTH	monocyte-2_METH	monocyte-2_DEPTH	monocyte-3_METH	monocyte-3_DEPTH	naturalkillercell-1_METH	naturalkillercell-1_DEPTH	naturalkillercell-2_METH	naturalkillercell-2_DEPTH	cd4tcell-5_METH	cd4tcell-5_DEPTH	cd4tcell-6_METH	cd4tcell-6_DEPTH	cd4tcell-7_METH	cd4tcell-7_DEPTH	cd4tcell-8_METH	cd4tcell-8_DEPTH	cd8tcell-1_METH	cd8tcell-1_DEPTH	cd8tcell-2_METH	cd8tcell-2_DEPTH	bcell-1_METH	bcell-1_DEPTH	bcell-2_METH	bcell-2_DEPTH	bcell-3_METH	bcell-3_DEPTH	BRCA-1_METH	BRCA-1_DEPTH	BRCA-2_METH	BRCA-2_DEPTH	BRCA-3_METH	BRCA-3_DEPTH	BRCA-4_METH	BRCA-4_DEPTH	BRCA-5_METH	BRCA-5_DEPTH	COAD-1_METH	COAD-1_DEPTH	COAD-2_METH	COAD-2_DEPTH	READ-1_METH	READ-1_DEPTH	READ-2_METH	READ-2_DEPTH	OV-1_METH	OV-1_DEPTH	OV-2_METH	OV-2_DEPTH	OV-3_METH	OV-3_DEPTH	CESC-4_METH	CESC-4_DEPTH	CESC-1_METH	CESC-1_DEPTH	CESC-2_METH	CESC-2_DEPTH	CEAD-3_METH	CEAD-3_DEPTH	CEAD-1_METH	CEAD-1_DEPTH
chr1	27867655	27868168	122	263	221	496	632	670	759	797	774	825	1026	1084	162	168	420	448	399	426	480	498	334	345	508	546	670	734	397	427	457	476	557	583	392	404	326	337	590	631	489	512	293	322	328	350	572	611	236	284	231	269	299	386	220	297	210	307	198	270	160	238	124	202	119	180	38	51	54	60	37	42	15	20	16	21	28	37	33	41	26	30
chr10	12605723	12606181	618	898	586	707	0	791	2	1089	0	814	6	1497	1	410	8	754	3	687	5	645	6	644	8	760	53	865	35	676	6	786	2	933	11	612	8	807	15	799	4	670	22	425	2	348	17	643	38	329	15	255	14	258	42	286	33	245	18	250	6	248	11	194	6	170	2	30	0	41	6	39	0	8	0	12	0	14	0	21	0	28
chr11	57903865	57904238	488	536	288	327	10	382	31	491	21	660	51	776	15	224	78	349	10	370	31	298	9	351	6	407	43	541	19	372	212	377	73	410	209	445	88	434	142	509	41	371	136	257	108	245	94	388	6	125	13	110	35	129	59	193	23	187	20	111	28	187	11	112	5	131	3	20	1	23	0	16	0	12	1	7	1	11	4	18	3	21
chr11	65428340	65428656	141	177	251	300	110	367	96	392	81	295	111	531	12	36	60	236	63	202	86	180	67	174	93	171	66	265	33	161	5	55	5	114	8	63	11	90	21	239	14	218	60	142	59	186	138	321	7	154	4	105	14	174	6	153	7	184	42	114	62	115	31	86	24	128	10	20	12	34	31	53	0	22	2	49	3	26	5	23	4	37
chr12	69623881	69624404	113	906	111	1005	932	978	1135	1199	1138	1198	1429	1488	430	457	735	765	721	745	616	632	622	647	736	762	968	1026	680	709	748	774	754	779	767	791	807	835	902	945	582	603	489	524	480	509	743	769	355	428	315	343	389	456	299	336	277	355	225	288	217	338	112	161	176	218	51	56	72	76	49	55	9	11	12	12	26	31	81	92	65	72
chr15	76347664	76348033	33	121	60	274	394	775	342	732	296	527	552	967	41	59	229	436	153	272	205	422	172	344	207	351	360	537	267	359	165	212	232	284	127	172	170	211	362	553	335	448	160	252	194	293	294	465	311	365	230	264	334	404	326	384	301	363	236	282	221	290	92	144	106	185	43	44	53	79	68	73	33	40	39	56	31	40	50	62	60	72
chr16	383102	383579	1387	2834	582	1434	2	754	37	1247	16	1486	27	1705	5	703	4	617	14	865	25	640	16	711	81	1176	67	1279	49	1025	7	1358	26	1428	14	1397	22	1448	35	1298	10	731	5	487	9	439	13	726	46	327	21	301	226	381	47	583	37	399	16	345	14	525	9	268	21	422	11	44	3	62	3	51	0	8	0	18	4	25	3	76	10	69
chr16	11783052	11783145	128	150	147	161	10	137	3	155	3	169	1	242	3	21	0	0	0	0	0	95	0	105	0	132	52	166	14	58	36	137	18	88	10	43	11	48	56	141	35	84	1	69	7	86	6	123	0	99	4	108	3	125	0	114	4	94	7	86	2	68	0	72	0	77	10	28	6	25	0	29	0	24	1	18	2	17	4	33	2	20
chr16	68771924	68772664	174	748	124	599	582	630	683	731	655	698	924	985	441	466	446	474	484	528	474	489	414	436	518	549	650	699	447	479	698	714	642	668	697	715	614	634	568	602	444	455	286	316	268	292	523	556	330	359	297	310	259	316	287	320	213	238	163	181	321	346	159	179	181	200	28	34	39	43	36	45	20	21	20	20	21	25	28	33	29	33
chr16	81624855	81625096	0	10	12	123	122	294	103	244	90	221	114	293	21	35	92	187	60	119	120	229	114	196	81	159	154	172	111	126	162	176	148	154	180	192	146	155	188	199	142	154	170	205	142	161	178	220	84	95	61	77	118	148	119	145	105	119	87	110	76	112	85	104	78	94	17	17	15	21	15	20	6	7	10	11	11	12	15	19	18	18
chr16	88497745	88498403	230	1441	126	1276	1283	1361	1911	2028	2093	2223	2980	3166	1107	1177	1267	1346	1616	1697	1005	1057	951	983	1880	2004	1613	1819	1127	1285	2031	2079	1517	1582	2185	2248	1975	2071	1674	1779	1497	1555	513	584	568	624	908	980	291	326	303	378	334	397	313	476	349	428	308	400	531	641	247	298	378	427	52	60	57	64	58	66	20	32	27	39	38	54	45	64	46	58
chr16	89641023	89641436	497	853	735	909	30	826	87	1223	555	1259	37	1514	162	345	320	603	16	766	263	734	29	827	39	900	50	1135	16	694	395	780	32	695	14	718	21	770	51	840	287	644	158	344	30	559	42	766	10	258	6	211	10	303	43	327	28	328	22	325	29	302	13	285	58	346	2	45	0	52	0	53	0	8	0	8	1	23	1	34	2	33
chr19	2639321	2639437	189	272	203	237	9	409	42	466	15	364	52	657	0	0	5	154	17	207	11	210	8	196	19	214	53	311	8	240	165	311	6	59	45	289	78	277	120	341	51	227	48	194	49	136	122	299	5	66	26	112	13	166	9	114	8	132	26	106	3	173	6	64	4	147	4	20	2	17	2	16	3	10	3	15	3	12	11	43	7	23
chr19	46736789	46737375	336	663	235	644	416	562	556	865	554	837	745	1075	287	320	401	493	392	488	462	637	388	521	496	630	789	841	581	623	946	975	890	924	836	856	906	945	732	775	564	579	291	305	289	300	565	592	200	241	222	249	279	332	148	187	215	271	226	284	319	361	145	169	207	249	40	46	42	53	37	47	16	18	19	26	22	29	29	36	32	39
chr2	241049854	241049942	139	868	81	472	267	303	456	537	556	607	642	690	515	557	289	310	238	254	286	299	227	244	361	391	466	504	292	323	738	800	569	594	662	710	639	683	365	393	282	310	167	184	144	157	244	253	68	76	92	98	59	91	70	84	110	126	71	85	205	230	31	40	102	115	18	20	27	28	27	28	16	17	15	17	15	17	17	19	18	20
chr20	62652090	62652589	891	1239	907	1201	239	1161	245	1427	158	1537	435	1922	60	480	72	819	61	995	51	967	3	769	9	1136	70	1300	3	985	140	1085	139	1097	197	726	300	983	157	1077	154	692	70	591	71	414	156	930	4	397	4	260	27	531	0	374	12	429	9	302	17	303	13	350	6	527	4	53	3	58	2	59	0	29	0	34	3	38	3	47	5	54
chr22	46053941	46054656	1090	2654	379	1481	7	901	45	1649	16	1889	27	2274	1	871	30	1114	3	1162	9	1076	11	1240	7	1594	39	1563	9	1081	255	2196	38	1299	25	1963	91	1862	107	1511	5	1147	31	493	15	599	56	1085	21	494	1	209	29	565	9	344	4	394	9	514	14	707	5	320	2	447	2	68	0	100	0	102	0	7	0	17	0	42	1	59	2	64
chr3	123114548	123114822	67	238	138	261	326	347	414	437	355	400	405	544	137	188	206	363	154	205	291	307	203	299	328	342	254	312	169	229	241	261	257	268	269	292	237	276	248	274	249	269	134	140	176	203	298	367	110	123	112	116	178	190	169	182	144	157	73	86	174	188	62	71	126	141	20	20	24	32	16	23	20	22	21	23	15	16	26	27	21	21
chr6	10771600	10771705	74	382	50	533	420	440	458	472	557	585	731	762	284	296	296	310	388	402	197	200	178	185	476	486	553	599	319	358	575	618	512	567	408	441	442	489	419	444	280	302	174	180	155	159	215	219	125	180	302	324	109	162	103	178	94	185	103	123	123	207	55	76	63	88	21	22	38	39	21	22	21	22	16	17	18	22	12	13	19	19
chr6	42565596	42565719	397	530	240	307	64	180	98	271	61	254	180	439	87	179	123	196	95	276	139	289	48	175	97	261	42	348	53	285	189	377	151	347	158	364	96	325	70	401	53	175	25	129	46	191	95	342	5	192	48	85	9	248	5	180	13	199	11	103	9	200	5	87	12	126	5	25	1	26	4	29	0	19	0	17	0	19	1	41	1	41
chr6	166556989	166557087	275	343	171	224	2	205	3	379	0	431	1	600	0	223	0	216	1	273	0	122	0	172	1	281	39	379	11	255	106	334	51	384	53	269	35	386	59	305	11	220	16	144	19	164	27	265	2	70	4	67	9	64	19	96	10	116	9	70	1	119	0	61	2	73	1	14	1	23	1	16	0	7	0	7	0	7	0	7	1	14
chr7	101754860	101755015	463	779	517	785	138	908	261	934	124	1089	172	1439	63	360	75	634	15	693	43	517	39	352	168	818	175	1107	82	750	328	748	196	930	162	588	173	659	243	854	112	724	78	367	87	418	94	505	41	307	22	433	39	178	11	268	79	165	14	196	23	364	9	174	16	205	2	22	3	43	1	38	0	9	5	21	5	22	1	18	2	21
chr7	157177428	157178137	335	567	158	374	669	693	769	795	846	883	1231	1268	570	587	452	470	547	564	596	610	436	454	702	725	774	802	467	482	607	628	631	645	866	894	731	754	757	778	452	465	448	516	444	535	620	723	442	476	357	381	239	258	328	347	188	212	243	271	319	334	213	241	228	252	51	58	75	80	51	55	43	45	43	49	47	49	55	59	54	56
chr1	31058372	31058618	369	399	478	515	441	485	698	746	660	693	922	974	148	150	410	437	412	437	281	289	352	365	423	451	406	558	235	325	111	230	98	296	66	124	134	270	265	332	220	273	252	265	280	290	416	427	269	317	273	307	291	392	198	279	235	297	201	302	179	224	170	242	134	185	16	21	19	25	34	38	10	14	20	24	15	20	32	42	25	31
chr10	5754161	5754516	211	219	269	281	394	439	537	583	469	503	766	806	146	149	348	363	359	370	315	328	385	398	278	302	369	420	273	304	70	185	88	250	60	176	82	220	249	288	123	169	233	246	326	336	391	405	277	307	184	201	185	209	269	294	201	223	149	165	203	206	170	176	163	175	48	50	59	63	62	65	22	24	21	23	39	44	39	40	23	31
chr11	60983221	60983817	165	185	258	313	542	582	733	792	525	549	644	678	71	72	416	440	352	370	324	338	308	326	270	277	404	435	252	271	88	177	97	173	89	171	56	97	219	267	152	189	218	256	226	286	442	481	302	375	174	214	340	452	398	539	266	359	158	218	187	216	141	224	160	233	23	40	53	76	52	60	34	50	36	47	41	62	54	82	41	50
chr11	61065906	61066287	1545	1921	656	789	486	810	638	1034	730	1239	839	1415	432	559	364	664	474	890	294	524	233	451	438	619	771	913	702	777	0	111	3	170	43	417	6	320	338	856	231	571	288	470	223	359	560	707	243	302	363	398	303	424	351	419	255	289	188	292	504	599	173	248	227	299	46	61	44	104	40	63	37	38	37	38	28	38	30	46	48	61
chr12	3905781	3906252	337	429	304	400	361	375	472	502	482	507	709	763	198	208	351	372	366	387	209	219	244	251	396	412	430	472	255	270	34	329	41	391	75	255	87	327	314	441	181	281	259	293	329	343	397	415	172	187	232	284	220	256	229	260	151	194	111	141	112	151	75	127	85	114	67	70	92	99	41	44	30	40	20	22	18	23	56	66	37	46
chr13	99305926	99306257	78	82	160	169	326	354	386	414	356	373	463	484	40	40	229	245	148	151	206	230	195	221	91	100	153	204	126	177	5	67	5	113	4	40	9	77	180	206	153	167	190	304	115	300	193	325	165	181	113	128	110	150	222	246	201	227	111	151	126	134	98	109	204	235	17	32	40	48	24	27	21	21	24	24	29	33	35	43	30	39
chr13	99366647	99366838	208	217	184	201	242	254	241	250	286	297	414	429	138	143	207	218	149	152	121	129	135	139	154	159	233	256	151	175	22	134	28	216	31	198	8	94	73	121	74	117	93	106	70	73	196	217	104	121	128	136	98	115	139	151	153	167	82	100	79	83	73	83	116	131	18	27	23	28	22	24	27	31	16	16	12	23	28	38	19	30
chr14	92560659	92560791	365	389	316	339	358	375	428	441	444	460	681	705	270	274	317	329	309	325	216	226	228	243	347	369	384	424	253	267	126	373	186	518	170	331	143	383	293	364	246	287	193	195	180	187	238	245	95	101	149	166	81	101	109	125	106	117	71	87	168	182	40	46	61	65	23	23	19	19	18	18	0	0	4	4	14	14	23	23	23	23
chr15	90539856	90540126	344	372	309	326	469	495	474	488	478	502	637	656	193	198	298	305	297	303	223	232	279	287	295	307	372	404	220	239	23	297	18	335	30	179	30	162	250	357	92	236	200	227	271	310	294	327	169	199	191	203	220	278	246	265	261	275	131	184	175	214	115	129	159	171	39	45	43	52	63	66	33	33	31	40	35	46	36	46	27	37
chr15	101697508	101698076	269	308	321	360	726	757	752	782	724	744	854	877	174	177	413	421	354	372	398	410	408	423	377	388	765	954	306	414	50	134	21	161	12	61	23	119	294	482	149	309	381	389	340	367	477	523	239	290	242	256	306	397	302	328	254	366	209	248	210	240	140	164	175	195	33	37	53	60	44	55	32	38	38	44	38	44	70	82	60	67
chr16	27281283	27281712	158	170	360	423	498	543	574	632	547	582	717	768	105	109	332	358	350	380	241	259	245	260	351	374	523	594	313	367	10	110	26	177	25	85	8	77	295	419	165	329	200	227	218	238	381	406	237	291	201	274	183	273	183	248	169	286	134	187	127	169	68	127	93	154	24	37	58	75	42	56	35	39	22	28	20	24	36	43	26	31
chr17	67398879	67399102	259	268	245	257	381	404	424	444	335	343	519	549	180	185	202	210	183	193	168	169	159	159	207	214	308	351	296	312	11	193	20	229	6	87	26	146	149	229	72	169	186	207	309	329	318	334	360	394	181	190	200	227	683	721	207	228	157	180	212	240	138	158	230	244	25	25	33	37	34	42	13	13	22	32	14	19	62	69	34	37
chr19	16360791	16361117	139	157	315	350	521	545	532	551	582	607	806	853	128	136	307	323	339	357	171	269	155	215	182	282	514	573	271	316	29	196	27	260	34	183	32	159	377	436	203	302	177	218	173	202	281	332	182	205	92	230	222	253	192	223	192	230	132	171	204	223	144	163	123	140	38	42	42	54	38	50	28	36	19	26	22	39	30	42	29	35
chr2	68206097	68206537	319	341	299	318	358	393	420	454	466	502	613	653	102	107	276	291	254	272	149	155	186	190	356	368	193	313	168	243	21	209	22	310	17	221	15	274	115	233	53	132	131	143	180	186	223	231	204	234	190	208	205	246	183	214	214	257	116	151	189	227	130	152	109	130	22	26	40	46	47	51	22	25	23	25	39	50	22	32	19	27
chr2	112187557	112187654	651	678	207	224	271	276	409	422	396	428	607	618	357	366	267	271	231	236	248	254	182	188	296	303	419	455	182	188	88	306	100	325	139	332	73	445	134	207	95	187	177	191	200	211	260	270	79	82	86	90	77	92	91	102	127	138	85	102	113	121	81	92	76	80	20	22	40	46	22	26	20	20	16	16	16	16	36	50	34	40
chr2	203940822	203941094	683	723	509	555	720	777	697	760	748	791	1066	1116	428	459	607	634	573	597	379	392	464	472	695	720	767	874	444	532	44	187	41	224	56	157	15	43	237	359	153	263	475	502	476	493	551	575	592	652	260	291	413	543	391	454	550	646	198	310	333	380	191	238	337	417	51	70	77	92	53	65	22	25	24	28	20	33	80	100	67	83
chr20	37015575	37015727	246	270	301	310	482	501	494	522	405	422	583	604	141	150	216	223	218	225	220	225	180	186	210	215	230	314	90	112	35	122	8	161	9	121	30	168	106	205	64	121	297	311	214	217	365	380	179	210	98	102	188	228	164	202	170	186	110	142	93	110	136	148	217	237	22	24	57	59	33	34	10	10	20	20	20	20	20	20	20	20
chr21	33554803	33554904	329	340	358	367	309	321	384	398	428	441	611	625	196	201	298	301	331	341	208	211	173	173	395	409	370	382	265	282	88	220	135	346	60	195	103	275	332	364	201	211	94	97	140	142	165	168	220	236	190	197	176	188	145	172	144	149	99	123	177	182	62	70	100	106	30	31	27	31	26	27	12	16	18	19	41	43	38	45	19	19
chr4	879914	879975	370	390	212	225	249	266	269	288	337	365	354	381	182	194	200	217	263	284	115	120	114	119	207	220	286	352	227	266	8	261	14	337	32	314	17	312	125	273	57	154	64	101	52	96	142	184	81	104	99	115	72	108	83	98	101	123	41	61	91	132	50	64	50	62	7	13	9	10	9	10	5	5	5	5	5	5	7	13	7	13
chr8	53844572	53844638	89	91	124	132	195	207	183	193	161	176	279	301	39	43	121	124	131	135	70	77	68	81	116	132	122	168	70	111	26	100	29	109	24	75	23	75	94	133	87	113	68	88	99	127	124	136	48	70	92	97	73	90	69	81	84	105	34	41	78	80	38	44	37	45	8	11	126	128	18	19	19	19	19	19	10	13	16	17	11	11
chr8	60865152	60865307	560	610	350	361	280	286	372	389	541	558	666	694	426	432	309	317	302	311	200	202	185	191	431	445	444	474	288	294	112	304	207	479	160	376	156	296	288	339	187	239	171	175	169	169	277	281	97	106	131	160	109	116	81	90	139	154	54	65	138	152	89	92	94	100	15	15	59	63	34	36	9	9	9	9	9	9	14	14	14	14
chr8	60867822	60868553	333	368	327	371	581	617	666	711	626	660	816	858	205	217	450	467	347	372	373	397	403	422	362	399	536	611	312	349	69	153	120	274	91	188	93	237	360	451	210	269	408	430	362	376	539	567	608	671	453	487	401	477	437	492	498	562	306	360	268	307	272	302	291	352	59	71	218	252	84	90	30	31	37	48	39	47	87	105	44	59
chr9	68894490	68894609	174	179	176	184	272	282	226	237	315	328	340	346	104	104	158	159	144	145	186	190	178	186	153	157	177	208	159	173	4	68	35	182	9	37	24	147	115	171	72	113	184	229	111	156	316	358	187	224	91	97	246	293	172	193	215	235	112	126	152	162	108	129	63	84	13	20	33	41	33	34	18	20	13	15	19	25	21	27	23	25
chr1	58576637	58577083	146	7952	78	3274	57	2344	59	3392	102	4871	120	6445	109	4760	22	2650	67	3322	95	1805	119	2185	125	3802	191	3833	154	2823	397	5964	433	5178	584	8184	360	5563	251	3212	243	2581	150	1258	135	1172	151	2052	17	524	11	929	25	586	10	900	6	129	166	460	2006	2488	163	296	88	454	6	103	5	113	6	118	0	30	0	33	0	58	4	80	6	95
chr1	81801860	81802959	28	4066	19	3608	16	3263	13	4830	14	5300	23	7133	9	2924	20	3402	12	3922	16	2842	23	3293	14	3812	84	5431	17	3787	55	5152	61	5159	73	5018	50	5457	170	5026	39	3395	132	1874	152	1752	150	3540	18	768	10	1152	7	1330	32	1504	33	885	332	1153	2164	2682	82	450	82	893	6	199	1	219	1	213	0	34	1	87	3	118	6	187	10	202
chr11	75667372	75668389	65	19439	39	7713	21	4907	22	6929	40	10212	49	12922	30	10406	16	5676	28	6982	15	4549	16	3882	23	9297	66	8970	23	7925	139	13830	140	9733	199	16970	162	13560	77	8694	47	6189	20	1753	34	1851	42	3402	7	997	6	792	12	1379	6	1496	514	2484	332	984	3478	4372	454	742	6	1484	16	222	13	234	7	238	25	119	35	129	30	144	28	240	18	224
chr15	43329880	43330720	53	14372	16	7355	7	3465	9	6107	15	7153	29	9496	30	5676	3	3756	4	4953	11	3432	11	3375	8	5343	6	6724	4	4821	19	7810	72	6330	20	9996	71	7642	9	6671	7	4091	15	2090	22	2055	37	3930	1	973	6	1403	7	1401	1	1077	1	1331	425	1169	2250	3049	57	556	0	802	2	182	1	196	0	196	0	45	0	54	0	84	1	152	2	169
chr15	83206897	83208376	49	13297	10	7831	14	5289	16	8757	13	10430	17	13335	4	6467	7	5570	6	6525	9	5645	3	4972	3	7745	25	9550	6	7902	113	11627	50	8164	93	12828	43	11234	66	8792	30	6777	109	1713	60	2032	111	3364	2	1706	7	1442	24	2061	6	1681	11	1602	550	1587	2447	3208	246	886	4	1169	6	349	2	425	1	422	1	142	2	184	2	215	3	303	3	301
chr16	79599005	79599968	34	7450	10	2984	5	2736	9	4364	18	5364	26	6714	21	4304	8	3138	24	3474	8	2966	9	2812	22	4490	3	4281	2	3302	14	4945	18	4412	51	6423	30	6330	9	4206	24	3951	150	1391	133	1513	144	2575	3	842	76	996	36	1061	9	805	172	1132	435	1180	1264	1679	165	643	20	926	31	172	26	181	19	183	0	39	0	78	1	103	31	134	32	144
chr17	39462139	39463318	40	2493	24	2876	24	3573	19	4194	10	4139	44	5511	36	1181	12	2396	20	2648	18	2337	19	2090	16	2569	47	3487	20	2413	48	2278	83	2471	34	1948	28	2168	41	3039	34	2331	21	1420	25	1586	42	2775	844	7078	6	1204	27	6456	13	6316	775	9052	395	875	978	1307	1	783	1	979	2	141	4	207	1	191	1	66	1	101	1	110	2	201	8	147
chr17	61398738	61400148	116	10620	31	6715	92	4573	106	7095	130	9716	184	11968	75	5970	93	5969	95	5591	92	4185	83	3786	123	7207	188	7941	123	6544	224	8622	245	7742	286	9777	205	9161	268	7236	133	5727	111	1883	149	1666	179	3407	209	5301	13	1412	582	7318	146	4181	1062	3037	444	1277	2781	3433	677	1097	40	1749	12	231	13	293	5	295	30	70	27	135	27	149	25	235	18	240
chr18	5237252	5238893	80	13133	52	9275	14	6496	23	10068	21	12355	50	17177	19	6078	21	7908	14	7700	16	4818	15	5210	9	9267	43	10969	21	8622	36	10718	86	10695	64	11107	68	11216	80	9624	49	7122	34	3338	32	3151	48	5707	10	1024	235	2312	7	1368	12	2255	9	1956	553	1743	2953	3752	4	972	3	1009	8	245	6	402	4	353	1	134	2	164	2	197	2	206	10	244
chr19	58396640	58396946	2422	5615	783	1556	45	920	84	1625	76	2004	117	2597	117	2316	18	1198	26	1010	19	1041	25	1157	82	1829	233	2242	94	1505	454	3481	450	2282	862	4041	389	3202	346	1789	182	1216	87	308	25	218	55	556	206	304	19	374	106	301	91	337	35	293	195	308	1099	1324	51	210	26	326	5	56	4	60	3	70	0	34	5	36	5	51	6	56	5	60
chr2	176107311	176107865	94	7839	19	3141	79	2320	100	3942	102	4845	164	7850	110	5666	48	2589	88	2618	49	2188	73	2694	94	3458	272	4238	137	3653	342	6378	241	4453	459	8846	218	6017	334	3828	207	2914	269	1124	273	1053	290	1915	326	605	34	672	208	599	92	717	585	757	295	640	1824	2372	11	604	71	1042	23	145	29	180	26	162	0	42	0	75	0	78	28	134	28	137
chr3	36992663	36993866	56	15961	17	10552	13	4411	7	6772	9	8121	7	10452	123	4316	3	4912	1	5221	11	3204	8	3447	1	5694	3	6751	0	5250	20	6108	73	6435	32	7210	8	7368	3	6501	4	4775	6	2716	14	2314	21	4438	15	1003	5	1250	1	1630	3	1747	1	1573	561	1328	2703	3524	2	910	236	1442	2	216	1	313	1	288	0	81	0	98	1	134	0	147	1	182
chr3	136819210	136820334	27	2624	26	2244	3	2576	8	3200	10	3803	11	5408	0	1692	3	1960	4	2606	4	1821	1	1747	7	2740	31	3353	9	2658	53	2552	58	2933	75	3086	44	2838	55	2901	54	2516	47	1094	71	1037	102	2015	371	891	13	602	68	627	113	862	433	789	227	507	902	1211	34	393	4	736	3	107	3	129	1	150	2	62	3	76	4	99	3	111	3	110
chr3	179451507	179452011	94	3026	130	3109	7	2488	7	3225	7	3287	1	5072	1	1566	3	2566	2	2648	9	1285	7	1574	10	2440	137	3785	78	2769	168	2805	179	2787	127	2962	122	2583	153	3100	156	2498	65	1134	69	1136	79	1587	4	913	17	1117	158	722	78	725	9	750	233	633	929	1261	32	387	11	887	12	117	1	188	0	161	6	79	0	92	0	95	1	104	11	118
chr3	194687074	194687950	449	12135	334	6156	393	3859	439	5949	604	7259	1307	9736	1286	5945	406	3833	609	4947	394	3201	279	2937	573	6201	536	7087	458	5079	1060	7951	710	7527	1365	10131	845	8499	747	5918	624	4408	189	1801	199	1733	379	3496	909	1262	37	1469	183	1217	20	1193	685	1089	529	1058	2786	3424	4	573	24	1191	14	184	12	226	9	221	0	35	0	63	0	106	9	150	12	169
chr4	30717745	30719318	2	864	5	1723	63	3980	55	4869	31	4028	53	6333	11	1206	26	3051	37	2236	37	3037	34	2498	21	2555	101	3979	29	2581	65	2376	70	2039	49	2083	45	1799	194	3251	95	2625	196	1917	178	1994	187	2924	59	1378	11	912	161	1648	71	1668	545	1464	579	1205	1107	1459	95	989	30	1098	6	198	3	273	3	219	1	86	1	90	2	106	11	199	7	190
chr6	19837320	19838280	102	11677	39	5878	126	4039	126	6852	130	7839	176	10461	98	6630	95	5276	142	5149	75	3652	70	3792	133	5985	359	7715	128	5606	621	8520	590	6910	729	9976	715	9809	746	7281	374	4726	375	1994	390	1863	482	3698	169	1111	32	1138	73	1611	26	1521	953	2006	529	1023	2343	2833	14	900	27	865	22	217	7	296	6	299	20	46	20	47	23	86	27	177	23	185
chr7	100816553	100816901	442	465	530	574	417	599	493	849	578	763	844	1145	151	178	323	464	339	443	307	466	256	385	293	416	780	840	462	490	480	497	602	617	500	516	504	512	626	668	450	475	303	324	332	348	393	406	203	238	276	297	154	186	190	211	90	96	75	191	61	240	98	149	89	163	26	28	26	28	31	31	14	17	14	17	14	17	26	28	27	29
chr8	38787753	38788340	49	3232	14	2783	6	2336	3	2891	8	3753	6	4954	0	1086	1	2122	0	2624	4	1838	2	1563	1	3199	4	3377	3	2690	15	3108	4	3102	6	3562	13	3410	2	3228	3	2447	2	1097	7	821	12	1769	356	544	445	832	93	803	23	451	537	1041	325	597	1288	1572	52	307	234	510	2	115	2	146	7	194	1	32	2	38	2	44	17	87	5	79
chr8	98939888	98940337	21	4261	16	2706	6	1574	17	2735	23	3786	29	4717	6	1974	16	2129	18	2203	14	1759	16	1820	16	2712	50	3051	25	2570	64	3624	75	3216	80	4376	52	3386	58	2598	32	2089	9	719	34	855	30	1723	347	460	50	648	245	549	402	769	453	677	328	530	1087	1320	5	397	12	529	10	86	1	106	3	104	2	9	10	18	9	32	15	75	14	73
chr8	105318765	105319323	24	5838	5	3066	3	2324	8	3736	8	4796	7	5347	3	3528	1	2356	1	2375	4	1794	7	2197	7	3433	42	3590	9	3329	34	5280	22	4094	36	6057	34	4875	102	3165	21	2670	49	1231	60	842	97	1944	329	965	8	1107	14	764	10	781	487	1147	258	745	1106	1377	264	617	0	611	2	125	2	185	3	171	0	20	0	27	7	45	0	98	3	120
chr9	110579116	110579635	42	8628	4	4003	13	2526	27	4356	36	6755	55	8489	23	4990	12	3716	36	3993	9	2635	10	2482	28	5654	124	5577	38	4375	137	6980	164	6109	160	7990	159	6568	211	5141	82	3878	226	1999	103	1318	159	2300	219	864	19	632	24	726	3	1097	240	1019	320	635	1410	1827	508	698	147	519	0	110	0	119	0	119	0	44	0	43	0	77	0	106	0	110
chr9	125748635	125748883	93	551	74	598	29	544	4	874	8	632	16	949	17	180	20	518	0	220	18	403	21	513	26	453	55	554	68	433	42	399	33	311	46	322	49	366	97	419	64	332	57	319	60	416	90	527	157	289	78	155	103	329	31	300	92	360	132	224	136	203	87	244	18	206	2	39	3	53	4	49	0	14	0	14	0	17	5	32	3	31
chr1	12197921	12198244	873	938	646	683	377	405	656	695	693	741	1110	1151	476	490	421	440	516	530	330	339	375	392	569	608	667	695	518	568	862	897	675	696	707	724	808	834	520	541	437	455	67	460	81	467	198	678	300	405	282	328	357	503	316	486	240	388	310	506	318	372	211	397	215	360	23	36	50	99	40	73	32	36	30	32	34	36	50	51	40	43
chr10	11404902	11405177	1103	1210	461	509	630	648	795	822	803	832	1103	1145	549	566	494	511	548	575	413	423	350	359	573	597	619	643	593	612	916	947	652	701	828	870	763	803	529	572	332	364	46	307	44	255	55	546	87	212	200	227	100	149	132	193	79	115	152	198	299	339	47	135	112	167	22	30	41	45	40	43	14	20	17	21	16	23	22	27	25	28
chr10	114496783	114497712	1467	1644	1010	1140	1164	1231	1462	1546	1617	1700	2240	2390	858	893	1154	1215	968	1030	641	690	695	745	1223	1315	1238	1385	1186	1321	792	1017	787	1068	708	980	725	980	634	1047	363	697	237	776	227	800	645	1373	409	499	544	608	529	687	621	712	679	865	348	421	652	729	183	217	320	393	72	87	131	144	142	161	68	79	61	73	66	79	87	101	75	84
chr11	68273570	68274025	833	890	526	556	530	605	660	728	595	668	837	931	295	309	293	344	382	426	235	371	181	279	291	431	586	644	335	366	488	514	571	605	484	514	550	580	400	427	350	371	29	413	17	351	48	624	162	212	259	298	237	303	130	265	200	264	165	216	252	289	93	166	130	172	20	38	43	67	63	86	24	34	16	25	24	32	46	67	42	48
chr12	52088618	52088742	689	835	237	302	288	315	256	297	389	441	497	561	410	447	224	248	249	280	155	183	191	215	296	337	279	345	217	249	380	701	175	278	306	577	289	589	131	254	119	281	5	151	3	170	1	275	95	136	141	156	76	107	122	142	96	115	71	105	175	237	44	80	82	101	12	14	19	26	18	21	11	13	14	19	8	16	8	16	9	15
chr12	132070381	132072112	961	1042	614	713	894	954	1020	1093	940	1001	1493	1592	621	657	696	729	621	648	545	775	584	761	682	822	934	1015	695	765	943	980	864	909	967	1012	941	984	871	912	698	721	123	632	146	714	263	1107	742	807	260	278	639	791	739	823	600	695	378	465	486	533	290	323	324	367	61	79	118	137	97	107	38	48	45	59	46	57	69	93	68	83
chr14	100486061	100486303	379	446	335	400	496	532	601	628	573	596	722	774	233	239	464	493	326	342	266	276	278	298	313	334	347	447	231	285	383	423	272	314	299	333	253	306	231	360	266	341	13	296	22	267	25	417	264	297	181	195	223	331	344	404	208	310	115	183	159	196	67	89	99	126	23	31	45	56	53	69	18	28	19	29	18	26	34	42	22	33
chr14	103691529	103692443	1202	1277	808	867	680	717	954	992	1255	1327	1718	1785	801	829	690	715	734	765	489	501	568	588	974	1017	1034	1078	668	708	1133	1169	1043	1074	1251	1285	1067	1107	830	871	747	768	51	502	24	388	43	630	287	334	302	331	230	277	295	334	259	299	214	264	447	498	109	130	138	157	34	41	46	56	44	52	10	11	17	21	25	31	47	49	42	47
chr16	87700996	87701912	2707	2956	1369	1523	1411	1539	1907	2048	2098	2257	3116	3329	1391	1472	1247	1356	1433	1538	1091	1156	1151	1219	1814	1970	1428	1705	1231	1418	1934	2372	1671	2049	1677	2281	1275	1856	1168	1590	680	1009	43	828	41	804	37	1317	357	397	452	487	376	472	427	466	486	551	352	393	695	782	406	475	435	488	67	74	88	96	82	91	30	31	42	44	43	44	57	60	67	73
chr16	88069453	88069999	765	903	641	796	589	799	790	929	890	1126	1160	1437	469	551	579	723	638	766	350	601	285	459	703	920	600	926	504	820	542	817	609	964	638	1022	636	1005	541	873	364	621	40	356	38	378	53	566	171	192	284	324	308	424	286	341	247	309	195	249	369	425	135	180	196	230	30	43	36	46	41	51	13	17	29	31	25	28	63	77	49	56
chr17	82871247	82871822	1844	1969	1140	1259	1071	1161	1578	1704	1768	1907	2366	2547	1234	1339	986	1041	1395	1499	879	949	844	895	1452	1553	1470	1670	1253	1414	1627	1998	1385	1677	1309	1764	1325	1727	1143	1358	856	1044	65	709	32	542	111	990	280	314	436	493	309	394	247	275	168	212	207	264	420	509	249	339	276	333	38	50	53	63	55	65	8	9	17	19	30	39	32	41	43	52
chr18	55423693	55424083	752	824	228	251	415	432	388	403	441	465	592	613	495	509	293	303	364	376	378	391	307	312	332	343	342	356	290	298	498	522	370	379	636	649	452	466	261	272	307	316	36	390	32	391	31	600	225	257	163	176	205	239	268	344	319	370	163	253	194	211	67	91	83	118	42	58	52	66	46	55	52	56	45	46	36	38	46	55	39	45
chr19	1660708	1661552	1195	1409	793	972	773	1044	1006	1307	1246	1593	1568	2006	408	495	587	731	703	912	238	587	173	411	370	866	688	1224	580	886	688	842	887	1106	765	1020	1090	1352	691	1029	444	601	75	797	86	778	143	1173	156	408	142	345	333	579	255	444	341	575	320	466	463	664	178	284	234	419	35	68	50	71	58	69	13	25	31	43	31	75	61	87	52	78
chr19	4432033	4432560	1418	1932	856	1138	277	988	307	1215	368	1562	401	1981	101	589	183	836	217	938	147	790	146	806	206	1112	935	1241	611	873	1310	1539	953	1140	1195	1477	1120	1371	896	1056	781	917	201	587	113	437	213	626	117	132	258	306	208	274	169	247	339	383	274	348	453	538	169	210	196	260	36	41	51	62	36	44	13	15	13	15	20	21	35	37	36	41
chr2	46549240	46550231	595	675	503	577	696	742	805	879	834	874	1219	1281	314	329	550	572	579	606	378	396	355	382	631	686	476	751	362	522	476	581	459	644	466	561	485	618	424	617	246	410	32	280	38	367	85	469	177	216	300	318	165	258	237	303	203	301	130	188	260	287	131	187	209	247	16	36	57	83	37	55	21	25	20	22	22	26	32	43	22	35
chr2	60971893	60972726	2901	3070	1757	1886	1984	2072	2174	2319	2570	2714	3733	3919	1236	1289	1679	1752	1596	1646	1102	1128	1076	1101	2051	2156	2428	2585	1775	1855	2642	2766	2165	2274	2787	2907	2353	2505	1725	1856	1580	1687	435	1124	478	1202	842	1513	664	736	992	1147	928	1140	781	935	745	900	459	601	1169	1321	482	553	572	664	96	137	105	142	101	121	106	116	107	119	85	115	247	284	197	230
chr20	33408706	33409623	989	1121	631	748	579	843	755	1069	835	974	1011	1310	428	457	430	574	532	682	410	533	416	530	585	657	763	952	451	547	907	1003	634	742	737	803	746	888	704	831	527	623	32	506	16	434	37	784	272	309	208	230	327	424	255	309	279	333	171	237	339	421	200	248	378	441	47	55	38	48	46	52	18	22	19	25	22	27	49	60	46	57
chr20	50810031	50811081	1556	1702	1062	1161	938	991	1228	1289	1245	1312	1908	1997	1003	1043	682	710	906	954	584	610	677	712	1084	1151	1055	1139	872	926	1326	1367	982	1051	1284	1348	1214	1266	869	978	609	671	150	826	140	786	249	1229	834	904	643	703	772	932	771	880	604	691	359	451	648	777	410	527	641	766	76	103	89	117	79	110	28	52	60	83	58	83	147	162	97	108
chr22	40413664	40414237	894	966	731	778	757	793	1230	1273	1052	1113	1663	1737	462	468	726	764	589	614	496	552	474	525	681	731	975	1033	759	843	781	800	827	846	783	805	745	770	932	967	564	584	110	490	116	533	227	929	347	399	335	367	423	520	262	307	272	341	252	308	491	553	218	271	235	278	45	59	55	60	47	50	19	25	20	27	36	40	64	76	73	76
chr5	133933692	133934577	1000	1072	539	594	519	565	671	743	694	754	1038	1130	375	395	519	560	492	546	525	554	430	452	591	636	474	771	328	548	631	819	688	877	733	932	569	758	484	683	430	564	71	369	51	339	77	589	267	304	262	294	211	267	249	272	248	282	118	181	246	300	99	139	141	190	22	24	32	42	29	34	2	3	8	8	17	19	24	28	20	23
chr6	167113564	167114316	799	912	323	382	569	601	713	752	716	761	753	804	554	588	417	451	431	472	447	469	368	387	391	415	523	573	315	340	633	658	453	473	766	791	538	565	459	487	382	398	30	580	16	585	52	903	241	286	271	316	187	270	195	239	233	288	156	250	287	385	120	169	205	290	20	46	47	77	49	68	22	25	28	50	25	52	32	58	31	50
chr9	136225403	136225690	972	1116	439	514	269	600	453	746	344	728	449	907	210	460	259	493	252	440	280	368	327	415	491	628	421	665	268	499	736	802	520	590	752	828	671	741	445	530	433	485	29	311	106	366	152	612	162	208	147	171	180	243	201	258	187	235	140	206	264	317	108	137	139	168	27	39	25	41	34	44	11	11	16	16	16	18	29	42	30	42
chr9	137758954	137759396	612	656	444	482	548	573	620	637	706	728	982	1005	448	458	481	497	486	507	304	334	316	349	434	479	660	678	512	532	510	523	494	514	591	606	558	580	476	504	457	474	115	475	124	500	171	712	326	350	176	194	314	354	350	377	310	346	222	240	366	390	134	150	110	126	40	44	58	68	49	55	45	49	41	48	54	60	54	62	48	51
chr1	2290879	2291283	44	546	59	715	0	1207	1	1259	1	1315	2	2051	0	171	0	757	1	775	0	687	0	786	1	809	3	1257	0	720	50	655	53	758	41	730	39	702	26	1139	29	798	2	524	9	429	5	824	131	208	60	279	215	391	80	218	217	376	110	293	243	365	134	172	97	191	10	30	10	59	10	66	0	0	12	14	11	14	10	24	7	31
chr10	485027	485434	808	1310	635	1120	401	1115	887	1413	1032	1597	1699	2410	472	773	521	1009	902	983	361	584	337	662	514	1011	797	1428	153	1073	753	1187	875	1244	794	1225	989	1320	971	1570	387	900	309	514	268	464	419	785	347	388	68	308	225	355	175	387	50	267	109	247	400	653	91	205	135	189	28	54	37	65	48	66	10	25	10	27	10	33	21	51	21	50
chr10	114874972	114875239	56	858	64	768	1	752	3	1072	2	1201	2	1635	1	696	1	707	0	858	21	431	15	512	2	727	117	1168	69	799	140	919	127	921	116	964	108	963	165	1086	90	731	34	476	15	355	37	669	33	193	265	341	178	294	138	254	191	273	141	259	322	466	33	117	57	184	8	36	19	60	13	41	13	13	18	19	17	22	14	39	15	39
chr12	53677183	53677518	204	2413	216	2265	10	1221	19	1492	20	2159	30	2864	6	821	9	1088	13	1521	5	887	5	940	19	1559	145	2192	34	1680	154	1879	132	1955	70	1697	138	1809	158	1879	76	1140	69	653	46	616	67	961	257	441	572	641	361	548	288	616	289	493	92	224	149	564	0	253	0	328	15	72	10	91	3	94	48	49	50	57	55	77	58	81	40	71
chr15	73998214	73998489	3341	3481	1059	1104	744	981	757	943	986	1216	1281	1644	872	1053	630	775	714	884	597	622	605	630	1141	1202	1131	1163	965	1000	2183	2247	1335	1355	2158	2210	1759	1813	1125	1171	677	711	404	414	364	374	841	866	202	220	380	420	279	316	335	372	296	334	145	160	888	943	127	137	180	191	48	49	47	48	49	53	6	17	6	18	6	18	37	37	45	45
chr15	89406973	89407766	39	2439	35	2419	44	2745	97	4001	107	4884	155	6669	31	1362	66	2816	90	2797	31	2064	37	1992	80	3439	115	3973	105	3012	105	2687	131	3029	92	2320	136	3057	185	3822	125	2736	78	1363	135	1512	133	2103	479	691	38	821	241	1019	112	930	614	1012	321	918	830	1014	301	598	203	617	60	122	40	192	60	187	44	48	57	62	66	76	77	118	74	116
chr16	87507630	87508428	531	1660	423	1152	259	1480	369	1873	332	1506	554	2442	125	377	280	1109	257	1199	282	864	386	1121	457	1169	683	1673	515	1273	650	1162	666	1358	640	1236	720	1416	681	1508	553	1191	233	590	268	684	446	1114	239	467	135	392	285	481	208	490	347	573	258	476	532	745	125	331	186	514	34	81	33	74	32	77	24	30	30	34	28	36	49	68	43	62
chr17	49964541	49965210	50	1369	35	1382	89	1506	147	1872	135	2109	229	3104	73	736	88	1300	137	1475	78	1352	71	1072	146	1794	154	1862	104	1324	170	1620	165	1481	173	1437	150	1684	183	1996	107	1227	102	805	141	1083	135	1420	263	479	482	696	1319	2797	213	564	2422	2924	208	551	564	792	152	347	362	665	48	107	35	198	24	157	33	38	57	68	51	68	92	143	75	121
chr18	24027009	24027722	537	585	562	631	580	996	727	1277	717	1139	1066	1675	204	302	480	769	433	730	237	502	283	511	142	445	972	1035	580	608	671	697	621	652	594	614	566	576	845	882	712	737	438	515	496	562	832	889	279	343	351	414	301	384	428	552	377	457	218	263	394	461	123	140	199	239	42	71	69	92	58	82	8	84	16	54	12	54	86	116	49	72
chr18	76435525	76436297	462	535	531	595	496	772	677	915	650	906	867	1230	175	243	466	630	359	502	483	514	444	500	570	647	779	830	522	562	618	655	651	687	588	619	608	636	752	807	524	559	423	461	425	448	630	669	180	224	211	241	230	266	168	381	250	322	202	284	284	317	83	98	158	172	37	41	49	68	40	48	12	16	16	21	15	20	44	57	44	57
chr2	91442239	91442793	954	10567	258	5659	202	3862	318	5996	515	6592	741	11371	452	6493	381	5240	242	4290	110	4273	274	4175	430	6831	581	7400	487	5490	928	10152	609	7141	784	9410	549	9497	441	6299	410	5033	174	1809	191	1217	363	2412	1064	2324	1252	2891	563	2577	566	1978	968	1627	666	1464	2201	2931	729	1057	932	1732	26	180	100	291	71	250	93	122	112	147	88	138	241	422	135	243
chr2	114661965	114662589	370	3699	386	2529	55	2199	65	3557	322	4042	617	5364	59	2282	150	2912	234	2782	97	1656	124	1817	123	3297	414	3267	103	2882	431	3555	898	3854	1131	3726	295	4265	621	3333	100	2360	173	1396	169	1064	270	1844	300	599	40	737	97	794	89	682	444	859	301	774	1038	1298	484	687	489	853	40	147	33	166	28	174	84	88	90	93	82	97	84	165	83	162
chr20	53660234	53660453	99	2040	26	849	0	808	65	967	4	1105	43	1617	39	750	0	614	0	780	2	685	92	839	29	1088	50	1293	2	849	15	1516	0	1218	70	1423	12	1686	18	1022	0	880	2	703	6	794	8	909	427	594	253	430	477	659	139	565	271	394	55	235	337	714	204	334	23	781	23	62	21	189	12	134	40	41	66	67	60	61	46	65	46	67
chr5	40681016	40681917	525	12836	242	5425	28	4196	28	5863	34	6974	64	9553	68	5894	25	4151	37	4351	22	3260	31	3158	36	6039	13	6117	10	4555	28	7988	41	5967	58	8870	15	7798	2	5461	11	4293	13	2302	18	1999	34	4177	953	1149	1059	1902	696	1162	953	1331	825	1259	528	1164	1899	3462	2	679	7	1231	65	198	103	224	90	210	110	123	95	121	89	128	72	165	71	193
chr5	150520841	150521710	2198	2507	1470	1699	1670	2077	2404	2896	2454	2814	3506	4119	1068	1236	1454	1668	1728	1979	1344	1506	1209	1355	2055	2270	2332	2524	1926	2067	2642	2760	2312	2418	2956	3088	2441	2569	2442	2575	1784	1870	932	996	617	652	1546	1595	553	647	659	721	616	708	684	800	538	662	370	422	1123	1213	327	366	452	513	83	107	127	150	91	107	7	30	10	37	15	44	77	102	80	102
chr6	10720638	10720829	201	1215	215	881	277	403	184	713	253	998	92	1476	336	750	145	474	512	551	102	440	43	561	184	748	335	1032	210	633	328	1227	12	499	261	1476	372	1074	385	880	74	706	112	294	156	255	169	549	4	127	27	157	11	255	19	144	177	231	41	167	320	474	33	109	18	163	16	28	7	36	9	35	18	19	24	25	18	22	17	28	16	28
chr7	91266854	91267560	924	1781	192	1367	982	1723	1615	1824	1898	2064	2584	2779	1103	1163	1412	1564	1416	1527	683	979	933	1086	1465	1584	1782	1888	1160	1326	1768	2002	1612	1708	1388	1760	1688	1782	1451	1567	1255	1444	675	732	816	851	1123	1195	933	1030	769	818	639	958	590	730	387	497	420	465	738	766	517	585	434	484	69	103	54	121	65	106	9	70	29	66	34	72	92	133	75	107
chr8	53657113	53658213	161	2124	176	2374	129	2875	316	3409	262	3900	588	5394	105	1439	237	2320	256	2283	121	1817	78	1728	222	2787	251	3292	135	2186	461	2293	399	2833	347	2592	293	2613	357	2813	204	2152	168	1405	213	1516	206	2380	60	1044	1157	1823	195	1014	44	1121	9	1584	336	1151	70	1080	14	659	8	818	36	121	282	740	182	355	61	92	67	94	48	69	19	151	30	146
chr8	96157460	96158082	7	1621	6	1481	40	2177	59	2707	39	2527	47	3022	7	553	17	1591	17	1586	33	1629	25	1691	25	1702	54	2047	19	1842	46	2005	54	2010	31	1583	37	1680	84	2196	32	1518	81	810	44	821	84	1673	430	742	268	649	129	643	349	889	305	810	237	676	803	1122	213	492	293	703	36	120	15	127	15	122	5	6	18	33	22	50	54	119	45	124
chr8	142322826	142322987	1412	1564	556	598	151	337	354	429	261	391	567	764	382	536	271	424	247	315	327	414	274	331	359	422	533	586	463	490	1135	1236	572	593	1269	1323	1131	1191	560	620	323	334	239	262	247	248	406	442	192	210	289	301	137	157	230	265	218	259	163	186	548	588	135	146	145	162	23	30	35	43	30	35	0	18	0	18	1	17	21	32	22	30
chr9	97856996	97858437	58	3096	61	3603	176	4122	215	5351	267	5582	385	7643	67	1284	101	3353	172	3257	104	2274	136	2765	174	3647	319	5232	196	3159	240	2712	306	3821	220	3138	198	3377	336	4438	294	3892	199	1679	213	1752	252	2744	816	1400	88	655	615	1654	642	1434	549	1205	425	1111	947	1317	318	942	431	941	72	175	53	310	59	234	86	116	81	118	72	106	103	218	97	206
chr9	124016363	124016959	12	575	25	646	55	1168	72	1495	74	1141	90	1729	33	432	30	744	41	582	25	696	47	760	38	644	79	905	57	634	70	697	65	634	102	1031	52	610	81	781	62	684	75	540	105	623	126	1221	453	621	296	372	412	738	288	602	412	619	239	466	295	474	115	542	106	358	30	61	18	56	37	65	30	50	35	46	23	34	41	72	35	59
chr9	124017851	124018987	37	2097	12	1277	60	2078	141	3289	118	2920	163	4699	17	346	75	1972	47	1183	74	1976	84	2046	71	1441	123	2770	34	1137	83	1207	102	2257	99	2538	80	1337	147	2621	122	2409	152	917	86	997	201	1936	1173	1627	124	947	297	1321	270	1409	638	1409	269	760	991	1474	271	1035	120	763	54	159	45	176	47	184	59	83	85	130	74	130	74	199	67	191
chr1	8922609	8923648	1214	1435	661	807	633	671	989	1046	1237	1298	1491	1624	722	755	573	602	741	799	457	476	489	537	791	866	1002	1120	771	854	1191	1220	884	999	1247	1305	1318	1375	371	809	140	466	343	419	347	434	709	803	253	309	446	534	377	489	269	314	274	389	263	325	429	516	116	199	145	213	46	49	65	84	64	72	30	32	30	36	35	43	66	92	45	60
chr1	8967011	8967899	665	793	775	922	1014	1061	1045	1098	1116	1167	1597	1681	394	408	676	700	701	739	491	517	608	632	935	983	995	1150	894	949	407	547	431	716	373	471	460	589	422	893	218	748	474	516	459	506	765	821	297	340	405	445	304	382	286	319	314	357	297	363	454	497	137	199	191	256	43	45	65	71	54	59	23	25	22	25	32	35	40	43	47	53
chr1	9627859	9628332	1447	1635	1032	1192	758	856	937	1070	1276	1445	1839	2038	625	691	591	652	844	930	674	728	593	657	938	1058	1111	1305	800	918	568	771	529	762	584	662	495	644	485	1054	230	695	285	403	425	552	532	601	291	327	405	499	424	493	130	159	371	419	251	307	474	522	146	220	173	245	46	53	55	76	48	66	9	9	11	11	13	17	22	35	50	55
chr1	40388628	40389106	578	840	374	583	580	857	635	946	564	837	714	1164	259	366	347	591	307	538	413	679	374	588	301	453	454	775	407	579	284	527	157	401	227	354	158	270	153	658	28	335	363	476	495	572	804	1016	334	415	584	650	450	579	494	601	480	569	383	501	852	1011	278	341	288	355	38	52	137	179	94	106	81	87	82	88	69	76	85	98	45	69
chr10	119512119	119512469	925	960	671	699	701	738	988	1039	1027	1079	1311	1382	522	543	676	714	578	605	541	554	543	558	686	722	824	932	685	718	558	802	439	772	544	841	540	856	217	971	74	722	342	360	370	377	502	527	147	212	229	275	243	337	259	351	130	174	178	200	429	454	174	208	130	160	33	36	49	55	41	46	9	10	16	18	27	31	39	42	37	40
chr11	681143	681281	91	97	154	168	245	264	299	321	332	357	458	482	42	43	195	206	188	199	105	114	104	114	194	207	155	287	123	210	71	84	153	186	84	94	104	118	51	225	11	150	113	118	121	125	245	251	44	47	56	61	93	108	101	112	98	112	47	68	105	116	57	68	55	60	10	12	13	16	14	16	9	11	10	12	10	12	10	12	10	12
chr13	114153989	114154527	317	357	534	609	627	770	677	796	711	808	1013	1148	196	208	480	514	465	501	410	533	348	473	421	493	611	707	396	460	302	346	335	380	250	292	265	298	354	573	174	463	149	427	165	508	301	678	310	377	306	327	226	288	358	437	378	510	210	306	149	205	259	300	311	388	37	50	37	53	57	62	11	12	19	21	34	38	48	54	43	52
chr17	1975791	1975966	181	197	183	216	286	299	327	344	274	290	506	525	93	98	172	179	201	208	141	146	127	132	201	235	90	160	124	208	118	153	181	236	132	178	159	196	6	92	19	116	104	158	140	179	286	313	105	122	109	120	114	162	125	143	106	130	52	90	65	92	37	56	48	83	20	22	18	19	20	26	16	19	9	16	9	14	21	29	18	23
chr17	76256473	76256649	251	276	338	406	505	556	501	599	641	729	854	970	95	106	412	465	415	460	241	263	231	249	347	386	335	561	297	451	74	146	228	332	118	166	98	167	105	427	51	480	196	223	264	281	339	372	138	150	185	206	134	168	216	256	127	155	90	111	174	192	88	109	158	180	29	41	26	32	32	34	8	11	16	19	15	18	15	19	13	17
chr18	13524103	13524578	109	120	129	141	264	271	323	338	338	352	337	348	51	55	191	196	150	155	192	199	201	204	161	162	195	232	140	153	58	72	107	146	55	82	81	113	55	173	17	136	163	191	164	183	244	260	125	140	93	106	111	146	169	189	172	194	58	98	96	108	41	49	53	66	22	28	38	46	28	32	15	26	15	22	17	27	24	32	20	24
chr18	74849299	74849376	135	147	153	163	231	239	285	292	307	313	433	441	136	137	236	236	230	238	119	120	127	132	197	202	217	266	106	139	68	127	113	202	39	86	45	92	66	233	34	178	161	166	135	143	231	235	44	52	98	99	103	116	116	136	129	143	88	111	127	133	41	43	76	88	20	20	46	50	17	17	12	20	12	12	22	23	20	21	22	23
chr19	16218208	16218404	381	415	313	348	214	218	453	472	392	409	509	527	261	269	334	344	321	326	246	256	206	207	294	308	431	471	314	331	256	294	253	311	276	311	371	410	80	266	14	118	128	149	135	166	269	300	75	84	183	193	58	59	70	75	104	117	60	70	168	181	61	65	79	91	16	18	24	30	24	30	6	6	11	11	9	9	17	19	19	21
chr2	86823342	86823764	428	502	405	479	668	692	616	658	696	731	906	950	295	315	460	478	442	458	304	317	355	368	389	416	589	686	392	416	555	574	577	601	488	500	456	476	169	558	44	353	271	304	298	326	451	468	250	275	291	311	213	291	219	319	199	297	182	238	252	297	136	159	182	207	22	26	43	45	42	44	23	23	22	31	19	26	72	78	39	45
chr2	86826615	86826926	384	410	295	334	557	577	502	545	610	623	768	795	240	249	355	371	412	427	243	253	283	292	293	305	438	503	249	285	366	401	318	369	276	326	313	371	93	434	6	263	248	263	283	292	430	443	108	113	155	167	169	192	217	234	178	215	126	190	195	234	80	112	117	137	23	34	20	25	24	29	20	20	12	13	16	18	34	38	22	30
chr2	135658251	135658493	333	361	247	267	337	354	469	498	491	508	584	600	191	199	337	359	248	258	235	249	204	207	330	344	173	389	200	317	142	315	126	340	157	263	115	311	30	487	10	268	184	216	238	282	298	341	184	206	132	148	150	208	199	227	179	205	97	147	204	211	118	136	133	160	23	29	35	41	39	41	19	24	17	21	14	22	25	38	30	35
chr2	241112393	241113051	360	412	300	337	570	642	637	715	555	601	753	822	176	191	365	391	327	369	352	372	313	333	405	437	321	483	265	378	246	310	351	411	282	375	255	331	91	427	97	278	174	288	169	284	328	444	275	318	161	176	200	258	242	279	245	300	135	195	192	237	122	162	177	225	23	28	39	48	51	63	22	25	20	25	18	29	28	41	24	34
chr21	46561572	46562064	699	754	352	375	624	651	585	607	511	522	711	738	421	435	362	378	450	462	412	421	369	380	392	409	453	481	321	342	313	354	365	399	433	469	421	470	160	407	72	347	320	339	358	367	543	556	284	303	252	269	324	351	256	275	309	342	199	227	302	316	127	138	143	157	48	49	47	52	41	46	5	5	15	17	20	22	61	64	56	56
chr3	183815625	183816087	225	253	239	265	542	622	519	561	407	449	518	580	110	116	265	288	267	295	240	275	268	292	254	293	221	356	176	281	165	200	78	253	170	188	201	236	52	396	55	239	138	210	200	297	354	481	177	202	262	286	187	256	213	246	190	224	127	168	125	155	100	125	186	214	17	31	59	70	37	45	20	20	19	25	20	24	26	40	27	31
chr5	14414655	14415130	392	437	232	258	453	469	455	476	344	351	602	615	269	273	312	328	304	312	290	306	382	387	315	319	360	417	300	325	229	286	273	311	347	388	269	332	162	326	85	181	220	328	218	296	332	427	553	610	212	220	239	320	370	399	268	316	167	247	271	311	155	180	238	282	35	44	66	77	52	54	42	42	35	39	22	28	41	48	44	48
chr6	43141825	43142026	465	501	256	286	285	302	302	325	409	431	566	604	253	262	228	238	317	329	208	214	203	206	244	257	322	392	268	314	363	451	292	387	385	468	280	375	124	407	131	309	131	135	123	127	235	247	120	132	90	101	129	158	95	101	67	80	46	66	176	193	25	29	58	62	12	13	43	43	27	27	4	4	12	12	15	15	19	19	14	15
chr7	134992920	134993233	67	74	88	101	244	274	247	273	157	176	222	250	42	43	141	151	83	88	138	152	132	144	95	109	83	119	61	74	17	44	25	37	7	20	37	44	10	115	3	47	68	153	81	176	137	244	201	235	134	146	111	155	180	212	129	158	54	93	127	145	77	105	66	79	35	41	42	52	32	51	22	27	18	24	19	26	30	39	15	16
chr8	140572774	140572864	120	123	226	233	291	305	342	357	350	359	503	514	95	96	222	228	255	259	154	158	145	148	355	359	186	214	111	157	80	85	130	170	57	63	83	88	65	175	44	104	83	88	101	102	106	110	116	122	101	109	54	64	124	133	117	131	89	101	101	102	78	86	67	70	18	20	26	27	18	18	6	6	9	9	9	10	37	38	31	34
chr9	89404217	89404387	283	315	383	427	435	476	533	590	651	710	777	838	153	170	433	468	279	296	311	337	264	280	397	416	283	380	254	297	220	239	273	293	235	252	206	236	126	381	31	262	151	246	127	195	234	325	143	154	76	86	131	153	184	197	159	178	111	130	190	207	103	115	51	60	31	35	26	29	22	28	11	11	11	11	14	15	30	35	27	31
chr1	24911573	24912862	1460	1644	1252	1424	1382	1488	1991	2172	1954	2141	2904	3160	824	867	1372	1475	1145	1230	1165	1258	941	1017	1524	1640	187	1433	55	1099	1641	1713	1535	1616	1418	1479	1454	1535	720	1219	729	940	572	622	649	675	1107	1163	358	405	416	488	560	637	339	397	446	570	374	513	243	493	253	328	197	301	56	64	72	80	80	88	29	38	35	44	38	53	43	54	47	60
chr1	61459316	61459658	504	518	656	691	540	591	805	870	1033	1108	1284	1403	261	268	488	531	637	675	319	337	427	442	706	732	108	963	3	712	639	709	601	696	560	614	650	751	601	867	469	563	213	291	172	208	321	399	252	263	329	342	292	337	252	268	262	295	156	173	248	273	137	142	146	164	30	32	35	38	37	54	14	15	26	29	29	29	51	58	40	42
chr1	167430122	167431753	3082	3320	1789	1946	2106	2310	2385	2600	2599	2849	3912	4226	1765	1908	1687	1877	1987	2164	1443	1521	1287	1385	2205	2361	527	2736	202	2151	2395	2861	1917	2246	2522	2953	2153	2542	1777	2292	1460	1723	421	955	376	995	955	1713	829	906	1547	1709	931	1143	1192	1328	636	716	441	534	1038	1166	310	391	544	653	78	101	138	162	100	124	39	49	49	56	60	71	97	108	93	106
chr1	167479472	167480398	1546	1765	902	1017	845	884	1132	1190	1276	1351	1689	1789	937	976	686	718	826	873	514	542	613	636	910	967	169	818	37	484	865	1285	489	689	556	740	620	866	638	850	515	655	413	472	382	417	688	726	507	584	923	1073	447	715	519	658	333	444	176	285	565	670	113	236	284	431	44	54	54	80	60	76	15	29	38	50	43	52	82	96	45	52
chr10	70599471	70600850	2652	2904	1566	1783	1657	1746	2390	2491	2737	2872	3602	3793	1580	1657	1602	1674	1738	1827	1069	1117	1409	1461	2045	2161	385	2551	83	1901	2865	2943	2211	2290	2769	2839	2422	2489	1433	1902	1188	1281	836	923	787	836	1605	1701	353	402	624	687	539	689	529	630	504	601	438	559	726	865	335	421	344	389	71	79	99	104	89	92	43	54	46	54	53	58	78	88	85	90
chr11	330861	331353	1646	1906	880	1067	868	1051	1450	1667	1424	1865	1806	2253	751	943	743	915	1025	1193	767	881	685	800	1032	1180	76	1582	70	1064	268	604	272	692	310	1175	288	1145	171	1297	176	842	335	593	325	653	628	1174	192	227	401	426	292	449	451	531	441	549	216	388	481	549	212	223	293	351	56	72	69	91	73	81	15	16	19	21	20	34	84	114	66	91
chr11	114065446	114067176	1029	1114	1498	1648	1882	2108	2172	2449	2113	2353	2821	3093	566	605	1263	1396	1275	1358	1156	1234	1236	1315	1553	1652	441	1757	210	1105	1324	1362	1323	1378	1147	1189	1464	1525	1446	1636	1437	1507	1055	1193	969	1064	1624	1704	809	884	455	516	633	770	901	984	632	746	488	676	862	971	274	445	580	863	98	127	156	179	156	168	35	50	59	72	69	86	159	184	126	145
chr12	128796803	128797031	1051	1110	579	621	852	917	988	1045	1202	1274	1375	1460	563	588	653	686	833	869	436	456	411	434	928	969	140	1037	22	904	890	916	1111	1140	1066	1106	917	971	703	918	598	645	219	289	178	342	426	549	242	260	204	223	246	270	306	341	186	207	111	131	326	355	135	145	111	127	24	28	32	38	34	43	24	25	19	19	29	37	28	33	27	30
chr13	44593749	44594205	717	799	904	1002	967	1049	1267	1330	1418	1483	1830	1939	385	408	803	840	897	916	583	619	653	697	1063	1099	620	1233	404	828	936	1009	983	1082	683	767	871	908	842	1134	572	675	385	448	420	510	661	783	205	228	630	659	262	308	368	405	211	231	246	293	351	365	239	276	279	310	38	42	76	83	89	95	21	22	33	35	24	26	31	31	40	45
chr13	114108670	114109219	1662	1806	926	1010	1015	1061	1248	1309	1482	1529	2117	2208	936	984	976	1011	902	944	755	777	630	645	1252	1288	529	1026	329	742	842	934	992	1090	913	1025	928	1000	538	656	366	518	432	492	462	495	820	875	276	307	368	394	258	296	447	496	403	494	231	287	493	573	226	273	279	315	42	44	47	52	48	62	16	17	16	17	23	24	31	33	31	33
chr14	21230972	21231280	493	525	537	570	666	727	897	950	798	850	1184	1257	206	224	568	605	590	629	334	351	367	379	450	474	53	681	36	475	170	322	140	318	112	204	183	320	261	514	236	305	264	320	381	408	469	487	199	286	129	166	92	383	185	454	273	416	167	267	258	331	89	121	116	168	39	48	120	201	76	115	36	50	31	40	38	58	64	89	34	42
chr15	98953187	98953670	902	962	678	821	677	952	891	1171	1244	1596	1495	1897	390	427	660	890	603	830	443	598	417	538	1010	1190	90	1207	71	925	689	893	695	970	632	829	630	879	527	963	552	887	213	318	239	362	442	617	145	174	456	504	235	303	205	255	227	278	131	197	385	429	124	147	162	190	37	43	34	41	29	34	9	11	18	19	21	22	39	44	41	46
chr17	78784965	78785624	364	460	516	677	589	631	746	798	756	811	1154	1216	202	215	409	436	522	545	415	427	423	455	567	593	42	701	4	538	221	319	194	438	165	278	205	342	281	537	195	360	299	330	323	332	616	631	552	620	249	276	239	311	336	402	237	289	139	187	141	162	160	188	115	170	29	35	57	69	58	63	24	31	26	30	30	35	44	53	44	45
chr19	10797069	10798447	2268	2396	1652	1727	1576	1828	1569	1873	2063	2331	2607	3032	991	1050	1324	1463	1384	1553	1236	1328	1306	1387	1611	1736	299	1895	132	1091	1069	1611	810	1411	1318	1749	1190	1612	769	1597	837	1408	769	1011	625	770	1427	1648	490	581	1022	1134	571	872	440	533	657	816	404	607	723	906	464	609	397	485	83	118	71	94	80	108	53	73	57	80	66	89	95	133	90	130
chr19	16334992	16335371	1159	1281	929	1054	967	1000	1419	1481	1436	1493	1930	2006	683	707	861	897	995	1017	550	561	551	566	1098	1148	156	1546	13	1103	1217	1250	1102	1135	1202	1235	1184	1235	864	1098	779	849	415	447	481	518	596	633	387	413	557	584	435	472	295	327	296	322	297	347	527	564	174	210	258	286	46	50	94	108	95	107	35	39	35	38	41	45	54	57	49	57
chr2	98634186	98635024	609	720	377	445	611	695	724	820	502	655	1066	1228	211	245	377	485	475	566	382	396	451	483	593	622	28	367	9	278	407	558	336	598	287	474	381	557	263	613	233	418	298	329	359	378	540	574	245	286	212	233	286	349	326	378	277	334	212	264	273	309	226	256	235	278	33	36	64	75	56	65	33	37	29	33	25	34	46	61	26	32
chr2	237899140	237899319	179	209	238	279	298	344	284	357	376	427	398	443	143	154	190	212	284	313	166	192	212	231	377	405	40	465	7	333	83	160	87	227	51	126	91	162	148	236	86	117	195	248	197	243	307	385	99	156	23	74	160	204	141	194	130	162	67	106	53	106	35	89	77	188	15	18	25	30	19	27	7	8	12	14	19	22	27	39	25	33
chr20	45946208	45946334	908	976	289	306	209	302	423	495	408	522	470	619	272	364	319	373	292	358	198	261	191	269	137	265	104	528	73	282	530	543	502	519	678	705	543	561	334	472	284	294	140	162	102	111	221	235	106	124	62	75	111	138	117	140	101	127	64	80	244	259	109	119	149	166	16	17	32	34	16	22	18	18	18	18	20	20	23	24	17	18
chr3	15303529	15304855	1340	1558	969	1139	1569	1722	1949	2079	1685	1907	2307	2590	759	834	1143	1215	1145	1242	1152	1233	1040	1112	1148	1221	451	1467	156	970	1238	1320	1050	1361	749	1007	1251	1328	779	1238	949	1059	754	1058	806	1031	1616	1716	667	731	435	485	650	830	909	1016	673	771	434	600	590	689	373	465	534	760	62	67	117	135	91	107	45	50	39	44	55	62	94	111	95	110
chr3	134915697	134915828	427	489	393	455	457	482	441	493	687	747	810	846	358	376	368	387	390	411	249	257	295	306	437	455	123	661	53	533	350	571	321	587	260	435	285	471	231	527	259	439	195	224	229	255	295	304	98	146	243	288	149	222	46	207	131	185	98	137	214	230	98	117	155	179	23	24	45	45	43	43	16	17	16	17	16	17	25	26	23	24
chr5	1518193	1519704	3111	3621	2268	2555	2514	2610	2575	2801	3462	3801	5300	5587	2097	2246	2361	2466	2566	2697	1564	1617	1578	1646	2846	2967	776	3209	316	2349	3755	3944	3013	3186	3507	3658	3897	4098	2135	2874	2243	2412	1067	1160	1173	1266	1719	1841	1585	1754	1154	1270	1095	1297	1233	1391	1091	1216	712	861	1549	1701	504	587	818	920	153	180	199	235	170	203	86	90	100	110	114	121	157	178	143	164
chr5	14745474	14746076	1080	1154	807	850	770	1017	841	1083	1089	1425	1431	1884	498	612	539	684	678	848	622	676	467	512	916	1028	217	1303	133	906	932	1076	661	906	667	942	516	810	380	1024	469	637	335	450	362	500	507	661	575	620	473	514	348	438	333	393	318	360	244	277	418	455	209	234	292	334	40	46	67	79	59	67	71	79	69	77	60	70	43	54	56	64
chr7	158804489	158804827	1030	1078	572	601	860	889	949	987	933	968	1347	1383	678	694	629	647	558	569	561	581	537	548	741	756	94	1099	38	897	778	819	791	841	745	784	740	779	435	682	359	402	414	429	416	426	659	669	746	791	768	789	272	329	474	513	282	311	284	318	673	741	310	335	326	350	60	70	108	116	69	74	28	33	31	42	42	47	114	124	62	62
chr1	38686077	38686814	477	569	512	659	1118	1213	1298	1422	1234	1343	1604	1794	323	345	660	713	726	775	552	611	468	533	677	738	945	1106	626	681	598	648	675	750	451	489	637	675	849	957	774	850	410	467	507	570	723	782	477	601	295	494	322	571	356	617	301	621	250	364	390	440	164	317	204	312	20	54	94	159	36	117	49	64	54	69	51	59	78	93	55	62
chr10	7430653	7431801	588	635	894	1009	1334	1413	1842	1955	1434	1485	2249	2378	456	475	940	977	882	917	847	873	776	806	1011	1065	1257	1324	816	874	894	926	810	832	796	820	842	858	1209	1253	899	961	863	936	916	964	1393	1447	963	1188	569	657	891	1099	900	1141	504	629	426	600	705	784	379	506	364	435	56	100	66	140	66	139	54	76	57	75	93	117	113	138	77	100
chr11	94574556	94574730	256	278	145	162	0	306	2	364	1	340	0	439	0	93	0	189	1	180	0	218	0	228	0	214	220	249	189	201	312	329	211	230	242	255	173	178	274	295	167	177	162	190	183	200	247	273	68	109	81	94	96	146	102	135	55	105	63	98	122	156	55	69	57	83	13	23	4	23	8	23	10	11	10	15	10	16	21	28	18	25
chr12	4700616	4701122	2206	2449	941	1039	589	964	719	1152	724	1213	987	1842	664	788	504	883	621	961	427	591	418	575	801	1095	1058	1157	725	816	1682	1784	1132	1215	1808	1930	1536	1671	997	1071	680	735	374	412	417	445	599	623	265	344	409	908	355	416	301	495	343	419	196	229	471	553	140	160	172	223	13	82	67	154	13	90	21	28	28	32	27	28	62	71	30	42
chr12	34351448	34352649	1427	2064	1173	1894	1719	2343	2704	3210	2439	3579	3494	4630	1092	1351	1870	2288	1234	1759	1271	1879	1497	1867	1810	2269	2316	3119	1548	1981	2188	2574	1820	2289	1943	2682	2336	2700	2008	2575	1517	1966	683	872	664	836	1308	1710	452	676	933	1085	530	926	723	1106	653	912	517	784	916	984	276	412	471	552	50	119	39	149	31	150	39	48	43	52	75	100	86	114	80	110
chr14	35825403	35825467	408	516	157	232	57	155	194	280	98	268	198	362	121	160	105	170	85	184	69	155	131	151	211	342	105	211	90	146	255	309	92	194	311	426	205	286	155	222	89	163	73	145	78	142	107	239	16	54	120	136	70	126	67	151	38	100	98	111	197	216	31	40	58	60	6	22	0	22	0	21	8	12	8	20	10	18	8	19	13	17
chr14	105223468	105224231	1090	1159	906	968	993	1120	1190	1324	1141	1366	1332	1530	544	582	733	818	662	736	722	836	634	716	912	1040	1105	1218	786	858	1059	1092	989	1034	1119	1160	879	902	1056	1132	813	840	387	407	459	477	881	907	564	612	434	458	540	654	603	649	472	527	337	436	582	640	208	231	275	324	40	61	51	108	40	111	41	48	29	34	31	36	70	80	66	71
chr15	79971930	79972272	702	791	536	614	343	530	431	716	510	769	717	1040	180	229	333	449	346	537	276	358	237	314	394	606	763	785	573	597	756	772	604	625	708	741	721	734	696	719	520	535	325	379	368	402	491	524	231	256	375	404	268	319	265	296	259	287	169	216	348	387	116	152	114	130	18	37	34	59	33	56	11	14	23	28	30	34	74	81	48	61
chr15	98865395	98865692	593	1118	290	777	513	728	469	970	610	926	711	1436	291	554	287	585	479	542	310	676	197	497	441	746	514	1017	205	510	789	1095	392	837	445	820	478	917	312	669	256	689	278	578	414	542	287	651	111	293	115	333	171	318	31	269	179	447	71	346	119	372	95	189	135	218	25	46	36	50	46	60	9	33	7	29	9	26	9	31	22	48
chr15	101243330	101243485	534	589	260	281	165	232	239	346	276	432	277	446	150	222	174	248	138	210	125	159	134	153	171	228	301	328	232	257	488	500	329	339	446	466	346	360	320	346	221	234	148	163	149	160	237	254	99	114	191	216	118	148	93	116	117	128	89	100	181	206	60	69	88	98	4	20	19	38	8	53	39	42	21	21	25	29	32	34	31	38
chr16	31441937	31442391	1493	1727	1091	1383	868	1077	1235	1544	900	1267	1715	2248	671	813	670	816	417	761	615	714	708	859	912	1146	795	880	663	863	1334	1549	942	1107	1223	1425	1349	1620	872	994	717	757	428	531	689	745	1009	1177	409	457	575	622	454	588	262	584	400	485	293	344	509	584	278	367	314	385	42	87	90	182	54	125	25	32	26	33	29	35	68	84	59	78
chr16	72787242	72787747	177	1133	118	761	147	1115	83	1499	111	1207	171	1702	68	698	78	793	108	757	61	848	78	1061	119	1025	129	1228	168	1073	259	1281	227	1233	150	1056	178	1422	129	938	59	589	54	532	68	634	87	1231	356	454	31	391	250	553	350	551	429	679	238	546	204	773	192	247	286	389	36	88	25	102	24	105	29	40	45	61	36	61	38	71	44	79
chr19	9663201	9663717	208	222	218	243	227	285	303	378	229	335	393	506	60	91	113	142	174	236	127	142	114	129	201	262	262	288	183	197	235	252	283	303	209	223	135	142	215	232	154	161	201	215	217	232	341	351	209	248	192	208	199	226	158	189	138	176	95	121	112	127	135	152	129	145	12	24	18	45	18	40	8	11	21	24	22	23	46	52	36	40
chr19	58513978	58514084	21	2912	5	1165	10	585	2	718	114	1054	4	1457	6	977	18	701	15	738	0	490	1	522	1	1011	33	1149	7	761	28	1371	16	1105	3	1768	5	1366	14	784	9	579	21	244	3	251	7	394	0	114	3	166	0	150	10	107	0	123	0	168	5	387	0	69	0	174	3	29	27	72	21	61	0	25	0	33	0	31	0	31	1	29
chr2	11914670	11914741	380	407	200	221	149	215	248	330	211	353	404	509	138	204	231	284	204	237	112	130	196	216	211	246	356	378	201	214	357	364	332	344	315	319	274	288	291	297	229	233	131	204	105	159	118	205	65	75	38	65	84	123	86	102	84	92	51	75	80	85	21	33	50	82	3	12	3	12	1	12	2	2	10	11	11	13	16	17	9	12
chr2	98775603	98775940	826	963	622	736	499	633	658	787	736	1005	1069	1299	413	507	454	522	602	657	427	485	330	416	668	832	796	892	535	609	900	928	758	787	864	885	845	870	743	769	499	511	318	344	212	247	474	554	128	161	111	180	240	269	171	191	172	199	135	155	155	167	75	96	143	169	20	29	18	53	24	60	17	18	17	18	18	19	22	24	19	23
chr20	63657675	63658189	1305	3360	602	2064	441	1270	711	1738	651	2073	1041	3108	336	721	386	1028	283	1330	352	1067	209	926	783	1820	646	1961	638	1642	941	1385	837	1951	738	2428	1114	1975	488	1481	606	1331	248	538	152	499	339	928	466	604	486	604	117	419	143	478	236	338	97	380	634	964	220	424	387	610	38	71	18	90	30	82	10	15	18	22	22	26	21	30	27	50
chr3	183579899	183580358	410	481	230	277	551	572	654	697	539	568	666	694	264	276	288	302	260	268	308	314	340	351	264	278	495	543	303	328	394	407	382	408	381	395	388	399	411	446	327	346	89	331	119	348	292	626	291	373	184	304	147	289	200	364	140	272	118	215	176	231	62	116	158	239	7	34	15	62	1	57	17	33	13	32	16	26	22	34	26	36
chr3	187017803	187018175	57	79	234	287	188	349	217	359	249	459	229	415	43	59	168	254	100	180	155	260	161	222	148	197	268	294	318	342	121	126	249	256	160	168	178	188	344	362	233	243	162	226	137	175	197	294	133	155	116	123	143	181	159	232	139	172	113	141	70	75	91	107	128	145	8	28	16	43	12	60	36	44	17	23	19	22	33	41	26	35
chr6	2867662	2868876	174	182	316	346	715	1096	724	1273	559	811	724	1139	54	91	376	528	293	440	420	540	387	498	255	321	644	702	377	406	210	214	367	377	242	248	249	254	640	666	504	522	562	629	553	603	924	988	1153	1240	610	649	1087	1230	871	975	1028	1271	429	532	365	413	303	355	347	446	25	100	57	154	58	205	163	195	117	128	87	105	151	169	111	122
chr6	69921583	69921757	680	712	371	409	503	521	466	479	448	459	804	817	511	531	428	444	319	322	234	241	300	310	234	239	489	507	236	242	723	735	395	399	593	601	532	543	402	411	266	271	407	1272	396	415	477	495	919	981	747	790	1030	1111	732	763	622	656	358	387	1179	1220	209	513	285	299	154	239	263	1564	265	2581	324	458	362	461	232	293	288	425	91	164
chr6	118617479	118617751	328	593	307	578	271	525	333	611	291	688	490	795	120	181	306	449	200	352	222	324	131	290	317	534	444	502	354	453	614	645	687	781	609	634	550	582	496	515	376	411	205	310	187	262	207	389	195	217	279	296	162	186	143	163	203	226	170	195	320	352	27	57	83	143	4	32	12	44	11	50	25	29	16	19	14	16	37	43	26	27
chr8	38138075	38138246	271	286	149	153	147	208	139	187	138	235	196	292	98	161	97	122	110	152	86	109	73	92	81	122	208	211	122	128	242	254	200	208	254	259	225	230	180	180	158	167	97	101	80	85	132	140	116	125	91	96	126	135	62	73	75	83	66	79	78	84	42	44	42	47	3	9	5	16	12	79	7	10	8	10	8	8	26	27	9	9
chr1	203768618	203769254	488	573	465	525	368	557	393	597	439	515	553	908	175	199	272	360	222	254	349	363	336	342	479	518	466	622	306	408	559	579	561	580	476	501	521	538	522	550	357	377	308	322	253	269	459	473	406	462	447	539	305	369	327	386	1040	1327	166	226	273	315	68	117	59	208	26	33	50	63	44	55	30	32	25	30	24	27	54	68	29	37
chr11	65821055	65821688	661	797	511	578	269	547	376	819	399	910	489	1155	72	149	235	511	216	471	190	331	197	343	272	554	573	628	515	576	531	577	512	566	644	689	584	611	576	616	519	549	189	258	179	261	389	483	168	198	133	152	135	216	153	225	165	215	100	137	78	183	31	142	26	166	16	34	20	51	21	43	21	25	20	24	19	24	24	36	22	36
chr11	73944915	73945394	512	650	448	559	361	740	465	914	416	939	602	1216	124	182	199	472	307	617	262	439	321	445	322	591	788	920	456	566	645	718	687	750	666	719	556	613	688	799	439	506	244	303	195	228	430	505	215	278	144	173	324	377	293	351	412	494	124	173	282	333	47	182	32	203	42	53	29	61	54	67	55	70	44	48	31	40	44	50	30	36
chr12	101486092	101486397	186	214	352	416	310	509	459	702	383	510	382	696	33	63	194	326	181	282	244	262	295	319	359	379	423	474	354	373	351	366	343	357	285	300	277	289	435	461	345	361	211	225	260	278	350	376	212	252	172	201	199	245	295	347	198	232	130	177	129	165	44	164	40	162	23	36	36	42	37	47	18	28	16	28	15	28	28	30	24	30
chr13	80337350	80338065	1726	1889	1073	1167	1163	1280	1417	1598	1599	1743	2188	2358	952	1020	1001	1086	1034	1105	690	725	732	775	1193	1261	1025	1465	600	1130	1122	1545	921	1413	1195	1743	814	1508	1353	1491	1095	1150	608	659	570	621	1002	1050	400	514	570	634	354	439	455	578	565	690	307	400	507	568	45	380	78	437	52	61	58	82	61	93	37	38	44	45	40	56	50	60	53	65
chr13	99941009	99942102	400	510	455	570	892	1024	1122	1274	1080	1219	1685	1798	245	262	660	713	650	700	513	576	549	612	745	807	866	962	651	698	598	651	655	695	465	505	572	614	908	991	699	734	408	475	489	563	605	685	212	534	478	637	261	437	201	629	271	758	199	325	162	366	80	315	131	379	39	44	66	76	68	76	21	33	28	35	39	43	75	85	39	47
chr16	4701306	4702229	2236	2432	1365	1584	881	1190	1539	1919	1432	1989	1891	2635	554	760	753	1055	996	1404	935	1090	1030	1165	1024	1167	1572	1662	1292	1349	2125	2199	1772	1829	1958	2032	2055	2116	1410	1479	1028	1084	645	677	556	587	1093	1133	375	428	150	368	397	445	504	561	338	387	304	392	213	569	55	336	70	412	58	68	82	89	87	96	25	38	24	37	28	47	46	62	50	65
chr16	25177661	25178512	1170	1362	929	1078	610	1335	864	1560	713	1586	1165	2240	261	403	543	940	510	962	545	803	596	816	713	1035	978	1434	709	1159	1366	1462	1207	1296	1230	1322	1325	1433	1250	1414	912	979	528	589	434	471	925	1000	381	490	445	516	310	442	376	562	345	434	237	336	438	583	38	279	62	368	41	55	33	55	47	62	35	43	35	44	43	50	58	68	41	54
chr17	19601591	19602167	159	193	295	344	438	460	626	655	515	540	715	750	146	162	324	339	326	331	375	389	381	389	352	370	432	458	295	311	320	339	262	269	104	116	244	257	473	499	358	372	290	344	344	373	493	558	180	283	258	306	279	387	207	580	139	390	195	298	225	278	112	712	80	981	44	56	69	74	48	51	22	22	41	43	43	45	49	54	50	56
chr17	77147015	77147187	1400	1762	569	725	487	693	427	1003	564	1168	627	1398	322	576	350	587	600	719	324	453	306	467	511	690	549	1002	549	708	916	1062	805	962	1082	1290	807	1094	643	845	541	593	212	360	281	424	366	673	299	312	428	493	325	400	425	480	370	403	173	239	276	554	31	212	30	274	19	52	83	156	37	87	35	37	27	28	29	30	32	35	28	32
chr17	78283486	78284562	984	1112	1137	1343	813	1400	764	1588	608	1555	1187	2216	280	489	425	942	489	1048	493	794	487	729	425	904	1561	1705	962	1069	1318	1361	1066	1116	1328	1377	1022	1070	1087	1165	843	877	516	595	571	681	907	1076	1215	1365	467	619	581	752	1424	1688	521	655	343	536	447	610	104	487	117	523	48	63	96	135	82	106	41	47	56	67	42	58	65	82	48	66
chr18	79528742	79529452	3054	4058	1638	2292	1532	2281	1712	2637	2365	3643	2886	4684	1910	2387	1607	2452	1483	2253	886	1254	971	1400	1905	2668	2021	2798	1329	1858	2250	2787	2226	2783	2479	3129	2387	2808	1923	2534	1232	1620	643	968	697	973	1264	1822	298	420	681	995	494	653	449	986	689	926	373	562	1340	1650	106	334	110	371	58	90	83	111	79	118	63	74	60	72	59	73	86	99	79	96
chr19	1083803	1084825	3781	4013	2268	2431	2091	2227	2558	2767	3279	3501	4939	5238	1513	1594	1958	2072	2073	2194	1671	1751	1612	1685	2143	2271	2602	3012	1854	2101	1881	2182	1713	1985	1750	2046	1563	1828	1399	1859	898	1197	721	1052	867	1179	1452	1729	368	475	361	541	627	883	432	620	653	800	533	711	880	1221	125	532	171	734	96	124	87	132	78	126	47	48	69	81	70	80	84	105	95	111
chr19	41426113	41426776	2598	2800	1651	1760	769	1066	1382	1656	1301	1789	1661	2217	688	920	737	1016	1096	1414	868	995	1016	1110	1185	1439	1510	1596	1380	1514	2381	2489	1694	1800	2337	2455	2316	2427	1281	1348	1120	1156	602	643	475	488	841	890	252	269	353	378	477	547	175	291	394	471	308	355	602	717	27	237	84	410	61	65	57	74	61	71	16	21	23	27	24	29	54	60	60	64
chr2	163708425	163708735	130	158	156	196	104	267	217	283	344	408	104	256	65	86	204	247	110	210	134	145	93	115	257	292	325	358	200	217	255	261	331	348	231	240	300	306	243	256	192	199	123	133	107	115	166	173	210	232	126	139	165	238	230	255	226	253	66	142	49	89	13	90	13	123	23	23	42	54	53	58	33	37	29	36	28	37	43	48	26	27
chr2	239260170	239260521	489	510	458	497	420	758	462	937	352	658	557	1123	90	155	273	581	274	487	392	556	328	444	287	452	564	619	405	467	423	463	370	398	292	331	350	374	549	610	438	479	308	330	388	418	621	674	237	262	206	227	251	275	244	265	231	253	124	180	125	296	44	219	37	256	26	30	47	62	60	65	16	19	19	22	19	22	37	40	30	35
chr20	47895202	47895998	15862	22845	5383	7873	2303	2926	3655	4739	4664	5868	10944	14006	6623	8617	3049	3834	6242	8062	2330	2794	4160	5003	4636	5924	4745	6501	2935	3760	8387	10273	4578	5723	10955	13828	6103	7540	7503	9937	3324	4227	456	594	649	809	1010	1246	615	1702	495	685	905	2107	1022	2427	661	1623	568	1349	70	203	168	1844	753	2850	54	108	294	505	117	184	66	106	55	88	73	105	281	509	118	176
chr3	2156263	2156707	532	1104	436	1229	577	1068	733	1548	913	1793	816	2287	421	757	606	1174	710	1290	319	733	396	892	712	1243	638	1492	665	1185	873	1501	1031	1671	618	1243	930	1651	621	1366	360	980	326	707	263	550	448	819	189	388	236	307	328	477	82	413	254	374	207	361	486	528	54	201	50	353	37	57	40	55	48	66	12	15	27	37	51	57	35	48	39	54
chr3	171676528	171676808	546	578	371	398	154	334	434	607	347	585	307	912	76	213	279	462	163	402	169	183	111	343	224	504	319	536	256	439	408	453	557	609	397	509	481	593	443	514	305	424	199	259	125	183	205	261	171	192	267	279	106	113	194	204	115	127	66	128	49	141	11	62	13	135	32	34	39	47	42	51	7	9	24	24	21	21	35	44	33	37
chr6	112879707	112880469	894	1003	804	1008	788	850	1295	1410	1605	1768	1679	2347	642	681	1114	1185	948	1010	691	743	655	701	945	1065	1237	1421	1017	1115	1130	1201	1069	1190	1252	1359	1201	1302	1060	1159	851	913	556	689	444	501	809	893	195	216	340	366	191	223	199	229	297	346	146	288	238	367	112	160	45	270	49	51	64	72	71	76	21	22	22	22	24	24	46	46	48	48
chr6	166681936	166682521	151	187	184	238	76	424	191	471	137	295	113	452	35	48	78	209	89	148	276	289	232	242	214	228	339	376	199	215	228	237	253	258	239	248	223	235	380	409	279	298	256	280	224	261	385	413	218	245	209	238	198	257	192	222	302	339	165	218	120	157	28	183	38	209	38	39	25	44	39	47	28	38	34	43	32	36	37	41	27	28
chr7	100379538	100379601	55	56	68	80	0	146	0	182	0	110	3	253	0	14	0	79	0	38	0	63	0	70	2	31	130	132	79	80	76	76	87	90	122	122	95	97	98	100	48	50	52	54	76	79	138	139	89	104	80	91	61	69	85	91	39	50	42	49	71	90	13	33	18	60	6	8	5	9	12	12	10	12	8	8	5	6	22	23	9	9
chr7	157297987	157298857	1334	1549	757	893	462	829	534	1138	605	954	797	1525	426	582	392	599	503	828	321	661	366	652	501	809	1003	1135	613	707	1341	1426	944	1016	1247	1351	1183	1263	899	942	672	727	516	657	597	702	851	1034	358	467	671	737	237	302	373	469	189	290	260	328	415	593	110	247	136	372	47	66	57	87	65	86	42	51	41	52	45	62	55	76	52	67
chr1	1764832	1765723	920	969	1267	1341	249	1559	412	2114	270	1604	448	2650	27	239	208	1257	175	1091	518	1009	461	951	341	786	1668	1765	1143	1238	1057	1095	1262	1320	866	877	917	942	1417	1482	1158	1200	559	636	652	715	1148	1212	533	609	75	341	655	789	468	548	565	685	426	502	506	575	418	493	377	442	55	65	82	119	102	120	28	29	40	41	49	53	76	88	68	73
chr1	10390696	10391420	200	226	487	534	9	765	44	951	45	781	53	1144	4	21	26	589	22	377	393	481	399	487	406	513	919	977	611	644	376	392	536	548	271	283	354	364	821	871	637	667	321	351	322	342	488	524	287	358	376	418	268	315	189	223	306	382	189	256	260	299	172	232	155	208	34	38	21	39	33	40	9	11	17	23	23	25	42	47	49	57
chr10	104031445	104033492	1021	1132	785	885	171	1056	223	1261	171	1128	275	1533	102	381	132	796	135	764	572	621	667	735	903	1015	1134	1195	864	910	1040	1073	1039	1061	1144	1186	1089	1129	982	1033	775	801	491	532	492	516	746	779	263	305	428	470	420	477	427	482	395	439	264	326	467	548	159	190	243	290	48	60	58	99	60	86	25	29	29	34	32	35	58	67	57	67
chr11	1771151	1771789	870	937	1027	1116	80	946	123	1262	82	1113	162	1723	24	218	76	910	70	732	298	882	336	854	199	395	1074	1191	730	810	739	811	726	872	812	907	921	1021	924	1001	630	742	522	618	553	597	846	928	338	398	103	325	619	789	556	685	511	584	322	415	453	597	147	296	313	462	47	68	49	75	80	91	18	52	20	38	33	52	97	116	57	67
chr11	34148479	34149204	519	576	506	550	75	561	142	927	153	759	137	1007	14	117	65	432	103	462	391	604	399	592	318	561	821	848	535	565	552	568	656	672	558	574	643	656	714	735	532	547	344	362	290	301	531	543	154	169	170	189	389	431	366	398	258	285	189	217	271	306	216	245	199	231	56	64	25	55	34	52	18	20	20	22	23	25	50	51	80	86
chr12	55977960	55979226	1134	1199	1099	1171	421	1253	383	1346	393	1373	611	1859	87	270	377	951	340	867	627	789	551	720	732	1108	1354	1419	940	1003	1047	1097	1120	1171	951	1002	1023	1049	1192	1236	932	976	709	741	694	715	1038	1079	469	502	529	589	546	594	612	665	531	587	279	304	528	579	286	312	345	414	83	86	100	129	145	158	69	79	64	71	77	83	118	124	72	81
chr14	23117539	23118286	2173	2352	1319	1436	250	1152	382	1608	440	1691	534	2373	136	603	251	1036	266	955	1028	1060	832	880	1305	1402	1455	1534	1368	1441	2007	2056	1604	1650	2070	2127	1806	1863	1397	1464	965	1003	585	603	511	532	1052	1083	315	333	399	445	428	473	543	589	415	450	373	449	575	697	125	183	156	240	61	67	56	88	56	85	20	27	36	42	45	51	62	67	76	83
chr15	100553573	100553731	453	481	612	654	53	610	14	813	101	656	390	1028	7	118	156	552	20	549	216	265	181	231	516	578	743	760	560	572	478	488	527	539	478	502	660	678	642	655	449	461	304	314	301	308	448	463	203	215	299	324	258	271	184	194	269	287	124	155	214	225	175	194	90	100	26	27	19	38	24	38	30	32	25	27	16	16	45	48	36	39
chr16	85781839	85783019	1935	2101	1300	1415	84	1131	124	1814	123	1565	114	1995	22	332	44	836	64	920	785	911	751	898	1245	1531	1856	1963	1333	1414	1748	1793	1627	1668	2003	2072	1922	1985	1683	1745	1272	1314	614	639	602	624	887	910	261	404	217	611	333	545	223	434	323	599	371	501	544	797	273	365	294	404	58	63	40	84	46	69	14	17	23	27	22	29	83	96	56	65
chr16	88840003	88840879	1549	1716	1256	1372	16	1316	22	1862	21	1538	26	2259	7	644	18	1098	8	944	917	1072	745	1046	685	1180	1616	1704	1274	1360	1470	1526	1330	1368	1618	1659	1450	1510	1364	1421	1070	1105	492	523	447	504	875	902	281	297	237	262	456	519	334	378	385	431	352	400	593	653	290	318	259	319	63	68	37	62	43	54	21	23	22	24	27	28	53	56	53	56
chr19	2736932	2737651	1406	1495	1149	1213	138	1020	160	1350	96	1173	131	1680	86	449	58	678	84	811	643	722	463	780	495	866	947	989	760	807	1222	1254	1135	1173	1175	1208	1202	1231	858	895	617	639	631	654	570	586	742	759	290	322	311	337	426	457	349	381	375	438	295	358	444	505	246	275	348	396	42	50	47	71	51	70	27	28	23	26	31	33	57	74	50	53
chr19	4859692	4860361	668	723	579	641	216	774	318	1057	339	1074	461	1444	77	174	184	594	219	694	508	823	522	722	440	772	1103	1142	702	733	956	978	889	907	748	765	1075	1102	1046	1080	631	659	484	536	359	392	780	824	242	272	238	262	306	347	262	284	370	403	270	305	305	368	192	212	298	357	50	53	49	72	50	70	9	20	12	15	21	25	50	61	45	50
chr20	62185863	62186228	976	1038	475	508	4	564	8	822	0	805	4	1172	0	165	0	570	1	523	158	397	98	286	132	567	673	725	507	556	696	724	567	594	594	628	649	674	562	602	508	529	213	262	237	271	354	388	250	302	194	221	269	362	205	260	184	225	75	137	228	319	186	219	204	264	42	54	23	51	18	36	17	28	15	23	18	26	37	43	41	46
chr20	63906214	63907632	637	689	866	946	356	1483	472	1786	279	1292	360	1819	45	105	217	826	214	866	851	955	827	953	864	1043	1441	1531	828	870	671	684	952	984	725	748	752	765	1345	1397	910	935	795	849	867	892	1301	1364	877	941	572	603	920	1009	1009	1121	744	827	512	610	523	584	654	764	810	934	91	98	98	148	107	128	39	41	45	54	61	66	100	116	92	99
chr22	31918005	31918379	210	227	408	449	11	619	28	744	103	578	25	771	0	20	8	357	43	250	177	354	183	319	106	299	684	746	448	494	349	358	398	418	304	316	249	259	583	644	465	497	222	257	254	310	395	449	158	195	160	192	208	255	165	223	141	185	122	172	164	196	72	102	107	174	37	45	43	69	43	69	19	24	11	21	13	21	55	67	35	41
chr3	15219872	15220269	337	362	455	480	116	723	171	967	129	850	134	1225	7	86	75	546	86	510	294	430	301	419	256	482	788	821	578	606	410	418	554	567	300	307	535	542	728	752	585	620	441	460	469	496	668	688	347	390	227	260	388	459	445	534	325	379	279	349	322	370	154	175	320	371	34	46	34	67	33	55	15	25	12	24	30	57	41	44	42	48
chr5	17443877	17444294	362	407	624	704	25	807	23	771	13	976	25	1397	0	107	10	620	20	494	267	495	261	494	239	488	833	903	657	695	543	554	737	769	544	557	686	709	772	820	605	633	295	327	378	402	512	522	574	604	298	389	375	419	367	402	385	419	178	270	331	380	148	172	217	259	40	54	48	70	69	81	32	53	44	48	28	33	62	71	53	64
chr7	2076899	2077219	4454	4662	1465	1554	80	1414	199	2120	57	3093	180	3693	105	2824	136	1633	101	1736	592	807	671	967	989	1743	1862	1925	1437	1476	3395	3468	2142	2192	2989	3100	3231	3297	1412	1441	1266	1300	489	518	551	570	1014	1052	452	481	779	867	411	458	480	499	432	454	245	294	1345	1570	261	283	190	209	52	53	42	55	46	60	7	7	7	7	22	23	61	62	61	62
chr7	2792346	2793418	1674	1833	1037	1111	58	1009	166	1600	71	1529	76	2020	1	549	93	962	75	798	363	747	499	748	361	1119	1234	1290	914	974	1538	1581	1332	1373	1531	1591	1513	1567	1153	1197	904	933	562	591	589	609	920	956	795	869	628	680	644	719	591	669	519	595	332	388	649	710	285	317	347	414	73	82	80	136	68	98	17	21	24	30	36	42	153	162	105	113
chr7	30437865	30438268	921	1003	801	871	163	844	211	1054	218	1112	269	1386	79	355	139	726	161	695	313	556	252	446	351	697	1049	1087	725	755	1128	1158	1021	1058	973	1000	934	960	902	936	712	742	370	386	268	286	508	534	193	210	218	241	232	259	197	219	209	232	198	235	376	415	156	171	113	136	26	31	26	37	32	36	11	12	12	12	18	24	22	26	23	25
chr7	135790367	135790581	265	297	335	384	73	635	74	665	42	698	118	968	8	121	47	417	35	452	197	259	169	254	273	431	625	672	469	506	272	282	471	495	323	337	352	373	558	590	370	388	179	192	171	189	263	287	154	162	231	249	102	119	189	204	101	125	82	145	122	170	87	138	63	88	13	19	28	35	25	28	16	16	12	13	14	15	16	18	15	20
chr8	125491391	125491607	569	618	517	574	1	627	0	673	6	833	0	1065	0	117	0	564	0	468	277	297	297	315	507	551	638	680	533	563	707	729	626	650	624	649	668	676	567	591	420	433	131	141	202	214	232	239	76	146	131	178	91	109	110	185	172	236	101	143	112	151	69	121	60	91	22	23	20	24	34	36	16	18	17	19	17	20	18	21	25	27
chr8	127810870	127812014	307	328	539	583	29	739	58	966	54	852	106	1158	25	206	53	496	36	497	312	443	246	442	202	456	786	837	502	531	468	478	600	615	388	398	528	548	674	713	570	590	319	345	378	402	577	603	459	538	271	324	253	456	429	599	336	504	222	316	227	260	229	272	244	316	33	49	55	94	43	56	23	33	74	78	44	49	97	117	51	60
chr1	2133237	2133702	17	6592	9	2681	2	1213	1	1945	7	2563	5	3186	2	2375	0	1382	2	1852	2	1325	2	1378	1	2285	9	2403	4	1681	9	2944	5	2326	21	3403	18	2768	7	2076	3	1594	3	368	4	333	6	593	124	268	8	612	243	706	93	362	365	763	4	586	35	1429	0	248	0	378	25	101	6	116	8	119	0	29	0	33	0	46	5	76	15	90
chr1	150968686	150969343	1018	1049	590	612	656	696	813	889	967	1037	1302	1401	461	497	643	684	635	698	511	548	544	571	759	797	851	913	623	686	975	1001	881	912	1008	1036	973	992	883	912	585	614	411	430	314	326	599	613	132	887	568	720	724	1158	132	532	85	529	203	232	458	497	201	222	263	298	33	40	131	139	69	74	13	17	17	19	23	23	67	76	27	30
chr1	155070988	155071045	1	832	2	689	2	380	0	596	0	774	1	1321	0	439	0	525	1	461	1	465	1	483	0	545	1	817	0	521	6	683	4	672	7	606	3	816	1	736	3	527	0	162	1	187	1	373	399	443	155	269	537	557	67	221	197	236	0	102	2	165	0	102	4	137	0	36	1	24	1	24	0	0	0	24	0	24	0	24	0	24
chr11	3160323	3160626	23	2176	14	1043	3	1197	7	1781	16	1773	5	2548	4	1255	1	1157	7	1267	3	891	3	1053	19	1270	246	1904	128	1268	194	1970	220	1674	289	2277	159	1916	306	1474	161	920	30	505	37	746	15	743	127	182	299	344	167	339	93	330	288	481	134	424	5	555	2	172	3	239	14	62	5	68	2	68	0	43	6	50	3	51	17	60	14	65
chr11	126416557	126416860	332	3129	115	1745	8	1330	30	1644	6	2153	16	3190	3	1373	3	1250	8	1427	4	1005	30	1009	6	2252	46	2032	26	1633	115	2291	119	2003	352	2933	88	2457	49	1793	103	1390	17	583	15	453	39	958	208	348	9	212	147	266	202	321	116	190	107	360	11	612	0	226	10	273	2	47	2	64	2	69	0	15	2	17	1	35	2	55	2	47
chr16	2756210	2756571	3126	3266	1397	1458	822	885	972	1050	1504	1626	2001	2136	1379	1487	732	781	929	1004	711	752	729	775	1335	1439	1244	1342	897	965	2118	2182	1346	1382	1646	1701	1360	1396	982	1022	505	530	444	472	406	422	842	871	108	472	420	480	191	522	133	599	90	357	243	300	760	899	203	258	205	255	61	65	84	111	57	77	15	20	18	21	31	35	72	77	60	69
chr16	88692138	88692266	158	597	65	318	8	246	14	319	15	336	26	451	8	339	7	232	9	249	13	176	5	228	1	342	15	338	1	301	9	386	2	344	9	565	13	396	8	295	14	285	3	93	6	85	14	196	39	53	32	60	61	116	80	96	51	75	9	55	7	106	7	62	6	112	4	16	3	16	4	16	1	5	2	12	1	14	4	14	4	16
chr17	50863678	50864028	427	454	385	411	309	321	312	332	324	338	510	538	179	192	212	221	254	261	152	157	131	135	287	303	299	314	226	234	237	249	251	279	280	301	234	254	192	261	150	193	142	148	147	152	247	253	40	166	25	162	95	968	45	170	57	580	108	124	175	203	36	77	77	156	44	67	44	64	26	65	32	43	19	34	18	29	19	26	28	32
chr17	59155014	59155973	14	3322	3	2435	0	2099	2	2460	1	2139	2	2894	33	544	0	1324	0	1402	3	1445	3	1474	1	1416	0	1826	1	1474	2	1282	4	1538	5	156	0	1567	2	2033	1	1541	3	1310	6	1150	10	1917	4785	5727	5	683	3	1410	1	1007	3	642	1	819	6	696	1	820	1	768	2	104	1	309	1	150	0	72	0	85	0	100	1	108	3	108
chr18	22166330	22167605	50	1191	65	1850	190	2865	227	3582	217	3097	308	4586	55	679	124	2196	144	1943	124	1741	137	1683	157	2158	271	2707	187	2178	176	1837	235	2183	242	1842	241	2001	309	2344	188	1677	214	1445	214	1541	357	2199	784	1122	861	1174	308	1024	715	1820	971	1374	116	976	51	1050	10	579	32	578	22	157	14	227	24	213	60	98	71	104	76	132	34	205	49	158
chr18	22171620	22172048	62	5301	37	3012	156	1863	253	3173	332	4638	434	5960	211	2888	96	1847	242	2690	95	1754	149	1632	266	3282	341	3939	272	3435	438	4710	370	3917	591	5795	364	4776	258	2992	243	2435	222	741	103	550	237	1263	379	492	380	598	173	251	260	734	498	585	69	534	71	1381	16	359	23	505	14	132	17	147	6	151	0	58	1	103	7	103	19	129	19	130
chr19	6753398	6753502	2	783	1	514	1	289	2	508	1	531	1	741	7	352	1	277	0	381	0	259	0	269	0	442	76	423	33	364	128	608	120	433	153	673	96	681	127	418	38	284	1	147	1	102	2	239	24	48	136	163	44	80	29	42	64	95	1	56	2	206	0	24	4	36	3	38	12	27	12	27	4	4	4	5	4	5	3	38	3	38
chr19	38792614	38792940	487	2135	185	1138	18	964	43	1476	20	1671	88	2670	22	879	17	926	23	1150	26	879	10	921	17	1013	154	1609	114	1494	246	1416	326	1374	245	1595	219	1238	251	1254	218	1022	52	493	41	337	40	637	173	210	148	278	179	271	105	257	217	320	78	199	15	466	4	176	96	550	3	51	2	54	2	54	0	4	0	8	0	12	0	53	0	56
chr2	176157559	176158126	30	2176	19	1396	65	1416	97	2124	128	1961	137	2896	68	1269	80	1244	84	1361	72	1338	73	1181	55	1357	144	1973	91	1490	132	1865	144	1685	147	2139	107	1837	140	1690	59	1004	101	741	152	917	159	1400	388	669	77	548	429	761	146	632	557	807	64	638	126	1024	22	485	41	631	30	105	6	93	5	133	2	8	19	58	23	70	4	108	27	111
chr20	21100433	21101313	11	1865	28	2867	38	2762	70	3793	87	4414	99	5738	17	896	35	2847	68	3055	29	2399	47	2563	47	2742	86	3773	77	3119	54	1769	152	3590	146	3479	99	3012	132	3887	81	2592	53	1677	68	1499	95	2613	1187	1592	513	918	433	1550	809	1431	733	1236	29	1111	22	1324	2	540	11	1253	17	106	17	122	15	164	47	147	50	148	51	154	51	141	55	129
chr22	19723247	19723629	10	4328	9	2818	52	2102	84	2683	49	3089	85	4563	81	2224	59	1971	45	2070	6	1365	15	1553	20	2496	43	3296	11	2533	184	3431	167	3121	148	4097	159	3564	112	2909	114	2087	30	622	69	828	83	1367	228	270	595	730	291	623	323	491	287	413	9	424	67	907	11	371	22	587	36	79	35	96	35	96	0	11	7	26	13	33	52	75	36	82
chr3	50340405	50340776	4	8998	5	3920	3	1870	5	2843	2	3914	9	5172	1	3594	1	2238	2	2446	7	1799	3	1695	1	3327	1	3734	0	3737	39	4485	42	3896	45	5228	35	5148	13	2963	7	2639	3	857	5	676	8	1244	439	639	7	437	169	626	314	678	444	731	0	676	33	1448	136	428	264	883	9	77	8	83	12	94	0	0	0	7	0	34	0	34	7	68
chr4	41644309	41644455	8	1168	53	917	2	748	2	1292	7	1172	29	1741	17	677	16	1115	2	940	0	460	0	526	27	1068	26	1233	9	786	123	1531	21	985	28	1235	39	1278	56	933	18	938	49	510	6	345	43	714	306	351	189	243	159	215	175	233	229	304	76	221	177	375	16	166	1	184	10	50	8	60	0	52	2	26	7	27	12	28	21	73	12	57
chr5	1874573	1875097	25	1378	28	1150	43	1390	66	2167	87	2088	77	2459	23	465	47	1461	52	1171	29	751	55	814	61	1391	73	1818	42	1293	72	1299	86	1490	99	1483	69	1303	81	1721	66	1365	18	591	24	734	40	1205	947	1188	408	564	331	678	589	1071	367	604	55	519	224	698	29	361	15	407	2	64	3	84	3	94	32	62	16	63	14	60	14	100	32	83
chr5	42991785	42993434	60	12251	30	9444	9	6558	12	8896	17	10613	22	15201	1	5032	4	6143	2	7127	2	4219	3	4122	1	8528	8	10071	1	7520	25	9647	7	9301	6	9343	2	9547	6	8919	2	6764	9	3382	14	2960	22	5458	2263	2939	130	2366	1200	2868	1755	2627	1308	2114	19	1863	51	2802	21	1333	19	1823	36	287	13	343	17	339	0	139	2	183	2	214	59	310	50	312
chr5	43017867	43019166	61	13821	19	8308	33	5893	46	7906	29	10203	71	12840	29	5438	43	5122	40	6333	6	3711	3	3686	29	7952	25	8924	14	6773	19	8772	31	8392	26	9381	41	9757	29	7521	10	6147	20	3230	33	2993	43	5097	2076	2665	90	2158	952	2034	1815	2621	862	2184	84	1660	69	2957	32	1123	72	1694	26	283	82	351	59	317	8	151	1	157	3	200	47	230	42	309
chr5	172380787	172381435	1588	1747	728	813	491	855	676	1051	674	1016	999	1336	531	714	453	598	558	713	524	571	513	560	910	995	919	996	731	808	1314	1359	937	989	1581	1639	1347	1400	897	947	653	677	522	589	551	579	882	930	156	517	82	217	175	481	239	616	97	509	321	395	571	678	220	296	333	399	36	47	63	95	57	73	34	42	38	50	32	45	58	83	38	54
chr9	101485966	101486780	67	4794	51	3306	10	2444	14	3599	22	4440	31	6298	6	2931	15	3286	21	3257	8	2173	12	2556	13	3871	83	4278	40	3613	169	4850	134	3993	164	4732	199	4980	156	3827	117	3069	217	1535	160	1305	156	2338	558	867	681	923	303	1052	328	844	503	912	30	815	27	1482	2	575	6	528	3	128	1	160	3	148	7	49	6	52	6	70	0	107	3	120
chr1	3552420	3552569	380	432	380	433	349	361	608	633	580	596	909	940	291	299	440	454	432	450	151	158	257	263	505	524	736	776	442	473	532	544	553	570	537	550	484	501	614	627	435	444	179	193	155	164	301	313	98	105	133	145	145	158	98	102	137	144	105	116	184	193	70	81	65	74	13	19	14	19	18	18	20	20	22	22	21	21	10	16	13	19
chr10	34899773	34900082	234	268	170	216	314	342	353	380	316	333	365	386	131	139	170	184	200	211	239	253	176	185	201	217	255	274	199	232	271	283	247	259	222	233	265	279	252	268	160	167	181	199	164	184	405	438	188	198	150	167	170	191	222	237	249	278	82	106	150	172	91	109	68	77	18	21	36	39	33	35	17	19	15	18	22	27	23	30	12	22
chr10	77175031	77175164	274	320	210	266	258	274	298	316	401	433	634	655	190	196	277	290	233	249	171	182	147	162	248	269	344	376	236	260	351	373	352	372	280	301	297	311	331	353	231	243	141	156	111	118	175	184	33	39	72	92	60	80	78	94	79	112	38	63	109	118	31	36	51	64	10	15	23	23	15	15	7	12	7	11	10	14	4	14	4	14
chr10	119818124	119818302	845	1119	580	837	599	673	714	791	1010	1137	1217	1334	565	591	646	778	814	911	392	471	360	398	809	896	846	917	631	703	1233	1282	1033	1068	1122	1181	1183	1242	793	842	548	579	265	271	244	263	484	520	61	68	281	295	190	222	170	184	96	104	148	168	355	367	120	126	137	142	31	36	74	86	54	62	31	35	31	35	22	26	31	48	28	45
chr10	132779209	132779745	1704	1880	921	1037	1014	1039	1234	1264	1591	1651	2313	2378	994	1021	1067	1097	1246	1277	623	637	708	727	1319	1365	1482	1545	1116	1178	1598	1638	1333	1360	1679	1730	1556	1622	1353	1412	983	1003	355	372	376	393	689	716	134	150	407	423	273	301	291	313	143	156	196	215	368	394	193	206	185	202	25	40	33	44	29	43	17	18	20	21	20	21	25	35	30	40
chr11	92883012	92883488	2385	2851	1240	1511	1406	1502	1889	1993	1996	2374	3410	3581	1756	1820	1649	1736	1417	1469	950	1087	835	872	1950	2137	1885	1996	1520	1594	3344	3440	2220	2277	3205	3415	3160	3223	1782	1871	1434	1493	729	788	585	620	1106	1160	268	290	793	872	438	499	426	493	376	439	414	465	855	927	226	283	374	452	68	79	96	102	87	93	32	37	32	37	52	56	78	93	69	83
chr12	114884464	114884845	320	414	199	275	438	492	630	700	617	684	757	827	244	277	416	456	289	314	252	274	279	295	370	414	450	520	310	355	392	427	362	402	362	393	358	386	468	522	313	333	145	163	220	257	289	326	310	353	143	191	269	322	286	343	256	307	102	173	156	218	119	165	110	146	25	34	54	62	28	37	12	16	18	28	28	31	25	53	16	32
chr13	27917257	27917436	9	490	10	452	42	611	57	755	59	786	92	1167	15	204	27	536	34	560	25	519	36	432	53	598	52	648	41	504	51	507	58	468	71	687	63	612	73	781	49	531	39	301	30	351	31	408	35	157	226	277	39	241	117	294	51	190	9	243	14	231	2	193	4	253	11	27	9	39	1	28	23	37	23	37	21	34	24	28	25	29
chr13	99895157	99895773	59	4137	29	2446	65	2336	59	2647	49	3709	99	5027	36	2379	34	1916	84	2297	28	1473	34	1738	47	2638	96	3302	56	2607	102	3386	119	3326	114	4139	97	3633	85	2881	61	2144	74	1221	82	1216	101	2079	495	724	23	929	147	622	127	976	866	1278	283	714	693	1344	95	710	18	976	54	118	8	129	6	130	0	61	7	65	10	70	62	122	72	106
chr13	113088141	113088445	835	924	594	689	797	844	969	1020	911	962	1244	1295	535	560	599	623	641	667	386	405	522	543	702	734	858	918	501	537	849	868	1047	1083	958	985	999	1035	748	776	517	544	344	368	369	385	491	508	242	269	394	423	166	184	273	304	297	323	148	183	463	520	165	190	233	271	24	31	46	47	37	38	22	25	20	22	20	22	22	28	28	35
chr14	68794547	68794678	17	694	20	910	1	495	0	796	0	812	1	1203	0	263	0	600	0	553	0	353	0	225	0	529	0	897	0	529	0	553	1	587	0	400	0	392	0	740	0	424	1	163	1	256	1	433	0	119	1	120	1	194	0	265	1	195	0	163	2	227	0	119	0	129	0	26	0	34	0	34	0	20	0	18	0	28	9	29	8	29
chr15	37110420	37110849	5	244	16	428	31	456	59	542	53	492	55	800	32	247	36	355	30	259	33	476	35	367	32	411	66	590	24	267	69	561	48	436	16	329	72	484	68	478	29	221	46	350	28	289	64	605	119	191	20	65	38	251	94	294	136	253	17	231	65	203	6	154	38	190	8	34	8	66	10	52	7	29	4	31	5	33	18	36	17	38
chr2	65127453	65128055	1378	1454	1750	1840	1268	1419	1695	1965	1836	2055	2498	2775	364	415	1193	1319	998	1122	780	851	904	954	1103	1225	1562	1699	1079	1166	1102	1148	1269	1318	1080	1135	1193	1224	1273	1354	765	826	748	823	776	818	1327	1413	548	596	691	732	430	650	513	633	624	776	439	506	813	879	397	457	441	520	73	81	174	196	160	184	41	43	69	73	64	70	73	108	72	99
chr20	34778144	34779236	663	706	813	858	874	1078	1010	1253	914	1196	1481	1851	215	317	567	681	610	756	589	767	516	661	644	857	998	1047	907	964	721	752	820	860	605	624	604	622	873	911	637	666	718	767	724	781	1042	1098	891	949	348	374	915	988	716	781	596	642	452	504	460	508	426	458	733	792	77	90	165	191	132	148	55	60	44	53	62	66	73	89	61	76
chr4	27084902	27085206	9	1613	6	829	11	773	3	1227	3	1414	7	1707	1	964	1	931	5	803	3	746	1	632	0	942	11	1042	4	740	22	1567	6	1054	19	1297	8	1370	21	1004	8	789	14	677	23	680	11	986	81	477	98	394	284	512	44	390	271	447	50	338	273	578	9	194	55	218	1	57	0	125	0	110	11	28	11	28	12	40	16	56	21	55
chr4	46389352	46389517	24	1389	2	749	13	585	11	973	25	1194	22	1311	17	829	8	629	11	705	3	376	11	458	15	881	20	972	21	764	49	1300	24	1044	53	1393	29	1363	44	937	18	683	45	441	38	412	36	559	1	280	10	219	3	195	1	193	1	236	32	183	6	355	1	139	1	156	9	31	1	34	1	37	37	42	37	42	27	37	24	48	23	40
chr5	174721692	174722134	28	255	29	374	121	682	142	947	108	567	172	971	22	69	54	398	72	405	58	408	74	352	85	436	99	592	84	426	66	378	102	463	121	470	112	405	104	527	95	467	59	279	74	403	82	499	72	301	26	129	161	287	46	336	21	268	36	193	41	234	14	144	9	216	10	31	8	58	8	47	6	14	6	14	6	20	29	46	23	43
chr6	1080541	1080737	846	918	545	622	643	685	1007	1058	1023	1091	1562	1635	528	544	671	705	804	830	501	518	458	469	845	890	954	1019	621	644	1022	1059	928	953	1148	1197	1041	1091	766	804	677	702	326	355	237	250	464	488	179	190	380	400	219	254	137	266	223	247	191	214	360	376	97	111	146	160	19	26	31	34	29	32	29	29	17	18	21	22	14	24	14	24
chr6	27873342	27873884	27	2564	6	2060	3	1942	23	2529	3	2240	6	3083	53	1087	2	1730	7	1502	1	1179	7	1005	8	1779	4	2081	7	1602	5	1383	0	1599	12	1932	16	1827	10	2257	1	1313	1	738	8	925	8	1181	3	631	14	664	422	831	30	500	532	764	254	523	17	613	84	378	14	520	10	80	0	107	2	99	0	54	0	38	0	52	56	87	49	79
chr6	112367474	112367547	173	280	90	242	178	303	216	342	228	394	247	483	83	166	151	299	171	300	99	214	88	178	113	262	200	308	130	279	153	262	151	238	140	248	150	239	181	304	119	219	79	148	90	116	181	246	97	116	109	122	107	138	87	108	110	142	99	143	121	132	39	43	68	82	10	16	25	33	15	20	16	23	18	25	18	20	3	18	2	18
chr7	65572768	65572851	7	1768	1	614	2	586	1	812	15	711	20	1259	0	558	8	539	4	621	1	485	10	329	1	621	0	820	0	660	18	1537	7	1079	16	2171	9	1540	0	822	13	645	6	608	7	608	18	1216	320	448	88	304	129	443	45	318	61	124	65	246	57	190	82	269	6	274	11	30	0	81	0	55	12	21	12	21	9	19	22	35	16	17
chr7	139716269	139716490	846	921	468	519	618	633	745	780	707	736	1101	1133	517	536	422	433	576	599	227	230	320	330	592	604	592	612	515	546	941	961	642	664	872	892	842	868	468	485	326	341	280	286	229	233	375	384	146	157	344	367	104	118	144	153	179	196	110	115	324	341	116	121	139	154	14	17	49	50	33	33	16	16	16	16	14	15	12	16	14	18
chr7	149101820	149102040	1034	1122	662	760	837	879	1241	1304	1203	1249	1936	2020	402	413	623	660	685	712	375	380	427	438	799	836	1264	1317	759	811	1052	1096	928	972	1035	1094	889	925	926	976	816	854	302	326	265	276	433	450	431	469	750	771	240	270	301	322	187	214	236	258	532	578	88	140	231	267	39	40	62	65	70	74	28	29	22	23	21	26	53	61	48	55
chr1	39540600	39541806	1482	1621	800	913	843	1236	873	1259	916	1332	1003	1487	292	423	592	797	512	754	150	712	129	736	134	587	1226	1308	817	878	1219	1259	1231	1281	1452	1497	1239	1312	1086	1132	729	752	539	690	465	602	868	1067	439	500	340	538	647	783	553	664	489	586	384	475	566	662	287	346	317	393	47	56	142	200	77	99	60	70	57	66	73	83	108	121	61	66
chr1	155675833	155676116	115	132	131	156	439	514	540	619	298	355	533	589	63	81	251	283	190	209	8	291	24	397	32	224	285	314	236	267	141	149	192	204	164	179	136	161	257	283	262	269	205	232	201	217	353	387	859	948	253	340	1167	1290	413	487	297	366	166	204	233	245	126	161	184	210	22	33	63	68	25	29	35	38	17	23	20	22	27	41	21	32
chr12	26360086	26360373	258	331	255	309	424	583	559	689	569	710	687	852	104	135	283	386	268	356	14	306	3	280	12	250	489	543	413	461	432	455	345	363	377	394	455	480	463	502	417	448	135	215	164	209	369	441	213	272	233	243	218	265	219	247	185	236	126	157	180	196	152	171	119	143	61	62	112	147	19	34	14	18	30	31	23	24	34	34	19	20
chr12	128807190	128807675	229	255	396	440	566	674	667	770	554	650	915	1014	117	137	432	482	310	361	10	521	15	419	37	372	485	556	332	383	375	386	415	430	272	278	365	373	610	654	435	450	342	401	245	268	460	486	248	276	67	97	213	274	237	318	208	262	129	156	160	173	135	148	171	191	33	40	34	34	37	43	8	11	13	14	15	17	35	39	34	39
chr13	110664736	110664899	524	550	284	305	382	405	389	412	373	405	595	637	206	222	298	321	316	335	48	219	63	315	144	245	375	388	368	387	454	471	456	466	531	543	547	557	289	302	331	341	170	192	155	198	226	271	100	107	138	145	82	91	124	131	146	160	80	90	132	138	91	96	101	108	15	18	28	37	16	20	5	7	7	9	9	9	16	20	16	19
chr13	113272629	113273155	754	828	535	591	200	504	302	676	344	769	455	1066	243	326	195	382	245	428	37	440	30	435	4	187	781	822	539	562	762	789	724	736	830	867	708	734	696	724	549	562	283	311	357	380	449	476	229	284	288	319	172	209	298	343	345	404	176	230	302	358	177	197	221	264	21	37	27	40	36	43	22	25	24	28	25	30	21	30	20	29
chr16	4682433	4682726	529	595	519	585	369	521	651	781	723	905	855	1095	247	306	388	494	419	544	22	536	42	471	28	495	669	764	586	678	840	880	574	614	608	640	531	567	513	562	280	304	238	263	270	296	466	502	145	178	120	135	111	132	164	180	115	126	59	87	190	243	71	90	156	169	28	36	30	40	27	39	3	3	6	6	14	19	30	35	29	36
chr16	11814862	11815562	474	544	441	514	495	638	463	654	457	650	765	979	146	174	271	357	307	380	28	448	31	400	22	318	681	731	407	446	571	595	492	523	528	561	450	493	623	654	495	519	377	414	363	394	611	660	262	295	310	344	262	319	302	345	283	343	207	273	184	256	143	191	195	261	34	43	26	41	31	40	7	11	13	15	24	26	53	68	42	54
chr16	85046452	85046720	468	624	365	438	255	462	257	434	201	320	238	395	83	118	216	324	211	297	5	307	9	316	22	123	447	486	291	312	574	588	453	471	521	538	556	584	398	418	305	330	194	232	251	265	246	267	258	290	163	188	262	304	190	230	220	266	109	142	228	262	130	143	141	171	26	39	22	32	23	25	39	47	35	43	15	19	36	42	21	27
chr18	11885723	11885905	757	811	539	556	729	785	593	625	798	860	1262	1334	371	402	446	469	444	471	11	426	7	375	9	623	767	813	653	695	896	922	750	766	694	705	693	706	712	731	510	526	345	418	293	370	495	549	259	296	288	316	211	237	377	430	352	402	127	236	175	311	78	137	57	85	37	37	32	39	29	31	34	35	39	40	36	37	45	57	33	40
chr19	51811381	51811656	938	1123	482	603	435	490	528	588	618	709	679	799	583	644	368	427	424	457	10	354	23	304	18	265	571	609	439	468	824	858	614	645	892	928	797	839	497	538	293	313	154	214	183	246	278	326	211	229	218	258	210	247	205	247	200	230	132	188	362	420	40	48	121	147	19	32	61	72	38	48	14	20	14	17	18	21	77	89	31	40
chr19	55326430	55326947	1520	1642	803	881	136	762	149	954	136	745	195	991	63	379	49	326	96	551	44	593	41	510	36	606	949	1036	703	769	1287	1331	1006	1064	1355	1419	1008	1056	755	800	526	547	275	318	413	464	624	669	404	468	369	431	359	417	292	346	290	354	217	345	521	630	125	163	217	352	42	49	50	74	50	61	20	23	26	27	26	31	55	61	50	54
chr2	10034080	10034579	1286	1369	986	1060	687	818	837	990	853	1030	1490	1725	637	712	569	650	552	633	268	586	254	652	300	538	919	989	687	747	1237	1276	976	1016	1291	1330	1275	1313	877	916	708	737	417	442	486	511	894	933	525	607	462	499	555	654	528	591	530	611	362	433	694	764	182	232	300	360	79	91	51	61	57	63	101	126	80	95	58	66	124	129	77	91
chr2	74079939	74080695	602	669	471	531	479	614	634	775	557	672	785	933	275	325	452	537	430	527	31	399	33	453	31	304	629	719	485	549	460	482	491	529	469	494	451	474	441	471	409	437	201	355	194	343	395	537	223	299	203	236	232	302	178	240	286	395	193	264	193	227	179	222	210	243	35	47	42	57	42	50	27	31	31	37	33	40	46	53	47	56
chr2	101309692	101310115	894	974	958	1025	263	739	317	899	252	831	382	1185	62	152	223	574	155	471	31	433	41	615	83	635	634	737	499	576	647	670	579	607	506	534	506	543	624	689	499	524	328	348	327	356	571	596	217	249	238	270	386	427	283	334	290	347	171	202	313	344	212	251	238	290	41	46	50	70	39	46	38	41	35	38	38	43	57	64	35	46
chr2	239303029	239303568	1199	1339	967	1094	930	1288	1148	1595	1363	1882	1858	2643	453	568	957	1311	778	1046	180	1038	166	815	195	1098	777	1321	546	1042	1117	1222	1073	1181	952	1120	746	1014	903	1180	611	704	303	658	223	411	436	852	482	518	336	393	440	505	447	490	439	512	316	417	138	464	257	284	349	387	35	50	58	82	82	91	34	34	43	44	28	30	69	78	70	76
chr20	23087054	23087174	691	876	361	453	172	445	307	550	374	757	589	975	268	470	239	524	178	539	1	367	1	387	4	752	463	619	269	418	841	915	898	1014	883	961	881	1007	516	586	508	555	191	295	146	211	227	289	194	232	101	155	166	230	141	180	147	201	62	92	256	308	29	64	114	155	23	26	25	28	28	29	16	18	22	26	22	25	23	31	27	32
chr5	56168239	56168441	70	74	214	222	333	353	453	480	400	435	481	511	29	32	235	248	188	199	1	167	12	255	40	114	277	289	211	217	102	105	136	141	102	102	136	146	302	310	224	239	220	254	236	264	295	306	253	278	179	199	214	256	285	320	221	271	114	153	195	220	65	86	125	167	20	33	25	37	44	47	31	34	16	25	20	28	43	49	32	34
chr6	341064	341666	4452	4983	2307	2575	1987	3405	1988	2986	1685	2688	2850	5236	902	1618	1158	1720	1249	2074	551	1623	684	1875	832	3055	3104	3274	1797	1889	3914	3999	3585	3698	4796	4977	3767	3889	2920	3056	2337	2430	1015	1421	1029	1371	1178	1728	520	572	639	1056	578	690	572	713	738	847	610	786	1367	1507	354	452	517	585	74	89	170	199	86	98	91	96	64	75	64	79	64	80	70	75
chr8	673289	673908	4107	4426	1179	1286	1475	1626	1389	1515	1734	1879	2164	2304	2246	2469	1192	1304	1266	1384	10	1281	30	990	21	633	1603	1706	1166	1257	3198	3282	2171	2245	3455	3646	2655	2762	1516	1603	1088	1142	464	493	544	584	813	866	742	879	506	599	542	708	537	635	405	522	420	535	1223	1339	317	361	280	310	56	74	90	120	77	102	32	32	35	41	59	84	112	131	108	119
chr8	43103265	43103840	723	763	576	613	647	661	811	853	783	816	922	953	405	415	476	490	387	401	101	539	80	458	57	363	731	754	480	498	695	712	642	663	638	672	627	642	666	684	487	502	401	459	266	326	457	525	256	289	324	351	215	251	228	275	459	506	294	334	323	342	124	130	238	255	31	31	82	87	84	86	16	17	21	23	20	21	42	52	39	40
chr8	142325936	142326624	2069	2317	715	825	512	631	604	814	918	1283	1129	1525	927	1090	522	650	562	718	224	1308	427	1331	282	695	840	886	863	950	1425	1474	1013	1060	1881	1954	1339	1414	694	735	555	585	260	468	313	468	613	780	664	733	1058	1141	409	482	1047	1125	635	689	451	554	1546	1685	292	328	369	407	72	77	145	184	96	125	26	27	26	27	64	76	134	164	88	106
chr9	136067040	136067515	1493	1610	929	1016	808	942	978	1192	1191	1276	1638	1810	581	634	583	656	695	751	147	529	122	528	291	706	1304	1347	892	939	1636	1682	1072	1096	1528	1570	1434	1484	1185	1227	772	797	393	455	544	601	815	893	547	609	402	457	473	545	495	536	482	540	273	348	511	591	263	314	229	267	52	67	72	96	53	64	43	55	48	61	67	74	85	98	50	69
