Sample,erythroblast-1,erythroblast-2,neutrophil-1,neutrophil-2,neutrophil-3,neutrophil-4,neutrophil-5,neutrophil-6,neutrophil-7,monocyte-1,monocyte-2,monocyte-3,naturalkillercell-1,naturalkillercell-2,cd4tcell-5,cd4tcell-6,cd4tcell-7,cd4tcell-8,cd8tcell-1,cd8tcell-2,bcell-1,bcell-2,bcell-3,BRCA-1,BRCA-2,BRCA-3,BRCA-4,BRCA-5,COAD-1,COAD-2,READ-1,READ-2,OV-1,OV-2,OV-3,CESC-4,CESC-1,CESC-2,CEAD-3,CEAD-1
Cer77_rep9_Dep6_Tu3,10.854,0.000,5.427,0.000,11.463,37.398,0.000,0.000,0.000,10.795,0.000,0.000,3.129,0.000,0.000,0.000,0.000,0.000,2.738,0.000,2.461,0.000,0.000,0.045,0.000,0.000,0.000,0.000,0.000,0.012,0.000,0.000,5.735,8.498,0.547,0.000,0.000,0.898,0.000,0.000
Cer77_rep5_Dep6_Tu30,9.537,0.000,0.000,0.005,0.000,30.679,1.019,0.000,0.000,0.000,2.786,0.461,0.089,0.000,0.000,1.396,0.000,0.000,0.000,0.000,1.254,0.000,0.000,6.862,0.000,0.000,0.000,0.000,0.000,6.570,1.542,0.116,0.000,0.000,17.822,0.000,2.604,1.237,0.000,16.023
Cer77_rep3_Dep6_Tu30,7.375,0.000,0.000,0.000,0.000,18.580,0.000,14.797,0.000,0.108,3.277,0.000,0.000,1.623,0.000,0.000,0.000,0.000,0.000,0.000,0.000,0.000,2.252,1.555,0.000,0.000,0.000,0.000,0.000,10.884,0.000,0.000,4.038,0.000,9.448,0.000,2.618,0.000,0.000,23.445
Cer77_rep8_Dep6_Tu50,0.000,0.000,0.000,0.000,0.000,7.048,4.796,0.000,0.000,0.000,4.450,0.000,2.327,0.000,0.000,0.000,1.546,0.000,0.000,0.000,0.000,0.000,2.910,4.832,2.190,0.000,0.000,0.000,0.000,16.048,0.000,4.343,0.000,0.000,12.951,0.000,6.750,0.000,0.000,29.807
Cer77_rep1_Dep6_Tu1,10.674,0.000,6.729,1.508,4.528,33.713,0.000,11.407,0.000,7.280,0.000,3.694,1.990,0.000,0.000,0.000,0.000,0.000,3.117,0.000,4.150,0.000,0.000,0.000,0.000,0.000,0.000,0.000,0.000,0.000,0.000,0.000,2.941,0.000,6.929,0.000,1.339,0.000,0.000,0.000
Cer77_rep7_Dep6_Tu3,10.953,0.000,2.814,0.000,7.284,39.939,0.000,0.000,2.913,9.312,0.000,2.038,5.274,0.000,0.000,0.000,0.000,0.000,0.000,0.000,4.271,0.000,0.000,0.000,0.000,0.000,0.000,0.000,0.000,0.000,0.000,0.000,0.000,0.000,12.569,0.000,0.000,0.000,0.000,2.631
Cer77_rep10_Dep6_Tu2,14.073,0.000,11.625,0.000,0.000,21.504,0.000,24.373,0.000,6.202,0.000,7.528,0.000,0.959,0.000,0.000,0.000,0.000,0.000,0.000,3.446,0.000,0.000,0.575,0.000,0.000,0.000,0.000,0.000,1.369,0.000,0.000,0.000,0.000,8.347,0.000,0.000,0.000,0.000,0.000
Cer77_rep2_Dep6_Tu0.5,13.507,0.484,13.212,0.000,0.000,31.182,0.000,17.237,0.000,13.745,0.000,0.000,0.000,0.000,0.000,0.000,0.000,0.000,0.000,0.000,1.250,0.000,0.000,0.000,0.000,0.000,0.000,0.000,0.000,0.000,0.000,0.000,0.000,0.000,9.384,0.000,0.000,0.000,0.000,0.000
Cer77_rep3_Dep6_Tu20,8.360,0.000,0.000,0.000,0.000,37.993,2.757,0.000,0.000,7.819,0.193,0.000,0.000,2.184,0.000,0.000,0.000,0.000,0.000,0.000,0.000,0.000,0.000,5.434,0.000,0.000,0.000,0.000,0.000,8.344,0.000,0.000,0.000,4.507,8.056,0.000,3.393,0.000,0.000,10.960
Cer77_rep1_Dep6_Tu2,7.497,4.451,10.152,0.000,0.000,30.859,0.000,16.533,0.000,10.414,0.000,0.000,2.135,0.000,0.000,0.000,0.000,0.000,0.000,0.000,2.571,0.000,0.000,0.000,0.000,0.000,0.000,0.000,0.000,0.000,0.000,0.000,3.435,0.000,11.953,0.000,0.000,0.000,0.000,0.000
Cer77_rep2_Dep6_Tu5,10.649,0.000,22.588,0.000,1.339,24.512,0.000,5.997,0.000,3.980,0.000,4.759,3.327,0.000,0.000,0.000,0.000,0.000,1.758,0.000,1.250,0.000,0.000,0.000,0.000,0.000,0.000,0.000,0.000,4.547,0.000,0.000,6.851,0.000,8.445,0.000,0.000,0.000,0.000,0.000
Cer77_rep5_Dep6_Tu0.5,9.935,0.000,24.716,0.000,0.000,20.996,0.000,22.336,0.000,8.924,0.000,0.000,3.137,0.509,0.000,0.000,0.000,0.000,0.000,1.177,4.410,0.000,0.000,0.000,0.000,0.000,0.000,0.000,0.000,0.000,0.000,0.000,0.000,0.000,3.860,0.000,0.000,0.000,0.000,0.000
Cer77_rep2_Dep6_Tu50,2.359,0.000,0.000,0.000,0.000,19.564,4.591,0.000,0.000,0.000,2.423,0.000,0.623,0.000,3.514,0.000,0.000,0.000,0.000,0.000,0.000,0.000,0.523,8.969,0.000,0.000,0.000,0.000,0.000,13.488,0.000,0.000,5.667,0.000,10.232,3.165,10.998,0.000,1.504,12.381
Cer77_rep9_Dep6_Tu0.5,4.630,5.491,25.934,0.000,0.000,18.628,0.000,13.564,0.000,8.697,0.000,4.143,0.000,3.287,0.000,0.000,0.000,0.000,0.000,0.732,1.383,0.000,0.000,0.000,0.000,0.000,0.000,0.000,0.000,0.000,0.000,0.000,0.000,0.000,13.512,0.000,0.000,0.000,0.000,0.000
Cer77_rep4_Dep6_Tu10,10.187,0.000,0.000,0.000,0.000,37.868,0.000,11.356,0.000,0.000,7.774,7.977,0.803,0.000,0.000,0.000,0.000,0.000,0.318,0.000,1.010,0.000,0.000,0.000,0.000,0.000,0.000,0.000,0.000,4.502,0.000,0.000,5.479,6.611,0.000,0.000,0.000,1.935,0.000,4.180
Cer77_rep9_Dep6_Tu20,10.802,0.000,0.000,0.000,0.000,20.179,18.659,0.000,0.000,3.450,0.000,4.274,0.000,1.612,0.000,0.000,2.609,0.000,0.000,0.000,0.051,0.000,1.974,3.978,0.000,0.000,0.000,0.000,0.000,6.063,0.000,1.773,1.099,0.000,8.299,0.000,0.000,4.434,10.158,0.586
Cer77_rep3_Dep6_Tu10,13.597,3.617,0.000,0.000,0.000,37.440,0.000,14.239,0.000,8.664,0.000,0.000,0.097,0.000,0.000,0.000,0.169,0.000,0.155,0.000,3.124,0.000,0.000,1.402,0.000,0.000,0.000,2.634,0.000,2.632,0.000,0.000,0.662,0.000,7.730,0.000,0.046,0.000,2.406,1.386
Cer77_rep6_Dep6_Tu5,8.187,4.430,7.961,0.000,0.000,35.780,0.000,12.245,0.000,8.044,0.000,0.000,1.988,0.000,0.000,0.000,0.000,0.000,0.000,0.000,4.718,0.000,0.000,0.000,0.000,0.506,0.000,0.000,0.000,0.482,2.071,0.000,0.000,1.588,9.090,0.000,2.911,0.000,0.000,0.000
Cer77_rep5_Dep6_Tu1,12.813,0.000,7.430,0.000,0.000,31.437,0.000,16.608,0.000,5.879,6.888,0.000,2.979,0.000,0.000,0.000,0.000,0.000,3.025,0.000,4.238,0.000,0.000,0.000,0.000,0.000,0.000,0.000,0.000,0.274,0.692,0.000,0.000,0.000,7.736,0.000,0.000,0.000,0.000,0.000
Cer77_rep5_Dep6_Tu0.3,10.867,0.000,15.930,0.000,0.000,39.137,0.000,0.000,0.000,4.954,0.000,10.988,2.561,1.559,0.000,0.000,0.000,0.000,4.150,0.000,2.749,0.000,0.000,0.000,0.000,0.000,0.000,0.000,0.000,0.000,0.000,0.000,3.247,0.000,3.858,0.000,0.000,0.000,0.000,0.000
Cer77_rep4_Dep6_Tu50,3.905,0.000,0.000,0.000,0.000,14.438,1.444,0.000,0.000,0.000,6.201,0.000,0.000,0.921,0.000,0.000,4.031,0.000,0.000,0.000,0.000,0.000,0.834,8.203,0.000,0.000,0.000,0.000,0.000,15.925,0.000,1.980,2.006,0.000,8.429,0.000,10.456,0.000,0.000,21.228
Cer77_rep6_Dep6_Tu0.3,11.993,0.000,20.916,0.000,4.337,30.835,0.000,0.000,0.000,10.065,0.000,5.718,0.000,1.944,0.000,0.000,0.000,0.000,2.537,0.000,3.308,0.000,0.000,0.000,0.000,0.000,0.000,0.000,0.000,0.000,0.000,0.000,2.189,4.770,1.387,0.000,0.000,0.000,0.000,0.000
Cer77_rep4_Dep6_Tu40,5.812,0.000,0.000,0.000,0.000,16.489,6.213,0.000,0.000,0.000,4.871,0.000,2.103,0.000,0.000,0.000,0.000,0.000,0.000,0.000,0.000,0.000,1.041,2.680,1.180,0.000,0.000,0.000,0.000,14.563,0.000,4.433,0.000,0.000,16.475,0.000,7.395,0.000,0.000,16.743
Cer77_rep10_Dep6_Tu5,13.926,0.000,0.000,0.000,0.000,28.157,0.000,24.893,0.000,9.240,0.000,0.000,1.387,0.000,0.000,0.000,0.000,0.000,0.000,0.000,3.742,0.000,0.000,2.165,0.000,0.000,0.000,0.000,0.000,2.762,0.000,0.000,0.000,0.000,13.704,0.000,0.000,0.000,0.000,0.023
Cer77_rep3_Dep6_Tu1,7.624,0.000,15.559,0.000,8.824,21.576,0.000,4.140,7.116,0.000,0.000,15.088,4.453,0.000,0.000,0.000,0.000,0.000,1.958,0.000,2.804,0.000,0.000,0.000,0.000,0.000,0.000,0.000,0.000,0.000,0.000,0.000,3.906,0.984,5.966,0.000,0.000,0.000,0.000,0.000
Cer77_rep8_Dep6_Tu40,4.617,0.000,0.000,0.000,0.000,14.826,6.117,0.000,0.000,0.000,5.055,0.000,0.000,2.117,1.319,0.000,0.000,0.000,0.000,0.000,0.000,0.000,1.171,2.830,0.000,0.000,0.000,0.000,0.000,9.913,0.000,0.000,0.000,0.000,15.542,0.000,11.801,0.000,0.000,24.691
Cer77_rep7_Dep6_Tu0.3,2.025,10.223,4.421,0.000,0.000,31.712,0.000,25.947,0.000,12.511,0.000,0.000,2.816,0.000,0.000,0.000,0.000,0.000,0.943,0.000,1.247,0.000,0.000,0.000,0.000,0.000,0.000,0.000,0.000,0.000,0.000,0.000,2.592,4.805,0.759,0.000,0.000,0.000,0.000,0.000
Cer77_rep3_Dep6_Tu0.1,10.440,0.000,26.720,0.000,7.733,10.427,0.000,0.234,9.788,0.000,0.000,18.965,3.584,0.000,0.000,0.000,0.000,0.000,0.000,0.000,0.943,0.000,0.000,0.000,0.000,0.000,0.000,0.000,0.000,0.000,0.000,0.000,6.594,0.000,4.572,0.000,0.000,0.000,0.000,0.000
Cer77_rep4_Dep6_Tu0.3,8.366,1.728,0.114,0.293,0.000,32.832,0.000,29.017,0.000,12.623,0.000,0.000,2.647,0.000,0.000,0.000,0.000,0.000,1.608,0.000,2.586,0.000,0.000,0.000,0.000,0.000,0.000,0.000,0.000,0.000,0.000,0.000,6.657,0.000,1.529,0.000,0.000,0.000,0.000,0.000
Cer77_rep6_Dep6_Tu2,9.037,0.000,17.615,0.000,0.000,30.609,0.000,10.014,0.000,0.000,0.000,14.330,0.000,0.851,0.000,0.000,0.000,0.000,8.319,0.000,0.193,0.558,0.000,0.808,0.000,0.000,0.382,2.131,0.000,0.000,0.000,0.000,0.000,0.000,5.153,0.000,0.000,0.000,0.000,0.000
Cer77_rep6_Dep6_Tu20,6.345,0.000,0.000,0.000,0.000,35.308,2.433,0.978,0.000,0.000,8.793,0.000,3.420,0.000,0.000,0.554,0.000,0.000,0.000,0.000,0.000,0.000,2.048,1.070,2.900,0.000,0.000,0.000,0.000,8.271,0.000,0.000,0.000,0.000,7.225,0.000,0.599,2.268,0.000,17.787
Cer77_rep9_Dep6_Tu40,2.005,0.000,0.000,0.000,0.000,15.979,7.298,0.000,0.000,0.000,1.615,5.706,0.000,0.259,3.395,0.000,1.850,0.000,0.000,0.000,0.000,0.000,3.068,4.050,0.000,0.000,0.000,0.000,0.000,8.420,0.000,0.000,0.000,0.000,13.691,0.000,14.566,0.000,0.000,18.097
Cer77_rep6_Dep6_Tu40,8.294,0.000,0.000,0.000,0.000,23.785,3.733,0.000,0.000,0.000,3.510,0.000,3.130,0.000,0.000,0.000,1.772,0.000,0.000,0.000,0.000,0.000,1.307,2.045,0.000,0.000,0.000,0.000,0.000,12.199,0.000,0.000,8.046,0.000,3.858,0.000,9.129,0.000,0.000,19.191
Cer77_rep8_Dep6_Tu5,8.278,0.000,0.000,0.000,5.727,37.924,3.252,7.974,0.000,8.368,0.000,0.525,0.000,2.771,0.000,0.000,0.000,0.000,4.461,0.000,3.462,0.000,0.000,0.000,0.331,0.000,2.530,0.815,0.000,2.591,0.000,0.000,2.049,0.000,7.630,0.000,1.313,0.000,0.000,0.000
Cer77_rep5_Dep6_Tu50,7.785,0.000,0.000,0.000,0.000,11.900,6.830,0.000,0.000,0.000,5.941,0.000,0.000,0.089,0.000,0.000,0.000,0.000,0.000,0.000,0.000,0.000,2.382,6.452,0.000,0.000,0.000,0.000,0.000,11.108,0.000,1.497,0.000,0.000,9.179,0.000,11.595,0.000,0.000,25.242
Cer77_rep1_Dep6_Tu30,6.916,0.000,0.000,0.000,0.000,26.217,4.916,0.000,0.000,0.000,4.197,0.000,0.000,2.441,0.000,0.000,0.000,0.000,0.000,0.000,0.000,0.000,1.177,0.000,2.056,0.000,0.000,0.000,0.000,11.723,0.000,0.000,0.000,0.000,15.901,0.000,2.081,3.340,0.000,19.037
Cer77_rep2_Dep6_Tu20,10.500,0.000,0.000,0.000,0.000,24.223,6.677,3.062,0.000,1.257,2.896,2.252,0.000,0.050,0.000,0.107,1.692,0.000,0.000,0.000,4.460,0.000,0.000,1.470,0.000,0.000,0.000,0.000,0.000,4.216,0.000,0.000,0.000,2.614,10.737,0.000,2.122,0.000,2.360,19.305
Cer77_rep4_Dep6_Tu0.5,9.573,0.000,14.319,0.000,1.563,37.778,0.000,7.640,0.000,0.000,0.000,8.071,4.126,0.000,0.000,0.000,0.000,0.000,1.249,0.000,7.086,0.000,0.000,0.000,0.000,0.000,0.000,0.000,0.000,0.000,1.224,0.000,5.342,0.000,2.030,0.000,0.000,0.000,0.000,0.000
Cer77_rep2_Dep6_Tu40,5.149,0.000,0.000,0.000,0.000,20.636,4.462,0.000,0.000,0.000,0.000,3.378,0.000,0.000,0.000,1.255,2.176,0.000,0.000,0.000,0.000,0.000,5.673,5.385,0.000,0.000,0.000,0.000,0.000,12.728,0.000,1.731,0.332,0.000,4.207,0.000,6.972,0.000,0.000,25.915
Cer77_rep8_Dep6_Tu30,5.942,0.000,0.000,0.000,0.000,19.156,14.465,0.000,0.000,0.000,3.822,0.000,0.000,1.635,0.000,0.000,0.000,0.000,0.000,0.000,2.242,0.000,0.000,2.654,0.000,0.000,0.000,0.000,0.000,7.643,0.480,0.000,2.424,0.000,10.504,0.000,4.511,0.511,0.000,24.009
Cer77_rep3_Dep6_Tu40,4.636,0.000,0.000,0.000,0.000,15.762,9.054,0.000,0.000,0.000,3.963,0.000,0.000,2.494,0.000,0.000,0.000,0.000,0.000,0.000,0.000,0.000,2.800,4.446,0.000,0.000,0.000,0.000,0.000,11.777,0.000,0.967,0.354,0.000,15.072,0.000,2.751,0.000,0.000,25.923
Cer77_rep4_Dep6_Tu0.1,0.250,13.943,0.756,0.000,0.000,36.723,0.000,26.887,0.000,12.569,0.000,0.000,0.000,0.000,0.000,0.000,0.000,0.000,0.394,0.000,3.545,0.000,0.000,0.000,0.000,0.000,0.000,0.052,0.000,0.000,0.000,0.000,0.000,0.000,4.882,0.000,0.000,0.000,0.000,0.000
Cer77_rep2_Dep6_Tu1,3.211,8.937,0.000,4.998,0.000,30.849,0.000,25.271,0.000,12.987,0.000,0.000,0.000,3.362,0.000,0.000,0.000,0.000,0.868,0.000,0.556,0.000,0.000,0.000,0.000,0.000,0.000,0.000,0.000,0.000,0.000,0.000,0.000,0.015,8.947,0.000,0.000,0.000,0.000,0.000
Cer77_rep3_Dep6_Tu3,13.069,0.000,9.893,0.000,0.000,23.191,0.000,20.880,0.000,4.216,0.000,9.882,0.000,5.838,0.000,0.000,0.000,0.000,2.148,0.000,0.500,0.000,0.000,0.000,0.000,0.000,0.000,0.930,0.000,0.526,0.000,0.000,1.957,3.786,1.272,0.000,1.911,0.000,0.000,0.000
Cer77_rep2_Dep6_Tu30,7.125,0.000,0.000,0.000,0.000,22.097,6.884,0.000,0.000,0.000,0.000,6.065,0.000,0.907,0.000,0.000,0.000,0.000,0.000,0.000,0.000,0.000,0.000,5.425,0.000,0.000,0.000,0.000,0.000,11.874,0.000,0.000,0.000,5.830,9.390,0.000,4.308,0.000,0.000,20.094
Cer77_rep9_Dep6_Tu30,6.089,0.000,0.000,0.000,0.000,19.581,8.430,0.000,0.000,0.000,0.000,8.942,0.000,3.179,0.000,0.000,0.000,0.000,0.000,0.000,0.000,0.000,2.340,1.794,0.000,0.000,0.000,0.000,0.000,11.386,0.000,0.000,6.148,0.000,7.923,0.000,4.430,0.000,0.000,19.759
Cer77_rep7_Dep6_Tu20,8.621,0.000,9.466,0.000,0.000,0.000,0.000,27.520,0.000,1.628,0.000,5.250,0.000,2.581,0.000,0.000,0.000,0.000,0.000,0.000,0.773,0.000,0.000,0.000,4.940,0.000,0.000,0.000,0.000,6.668,0.000,0.000,1.128,0.000,14.218,0.000,4.318,2.426,0.000,10.463
Cer77_rep6_Dep6_Tu1,5.964,2.819,5.754,0.000,0.000,22.800,0.000,33.387,0.000,4.438,0.000,5.175,0.000,0.776,0.000,0.000,0.000,0.000,0.000,0.000,6.317,0.000,0.000,0.000,0.000,0.000,0.000,0.000,0.000,0.000,0.000,0.000,2.166,5.624,4.781,0.000,0.000,0.000,0.000,0.000
Cer77_rep7_Dep6_Tu50,9.018,0.000,0.000,0.000,0.000,10.714,9.492,0.000,0.000,0.000,3.427,0.000,0.000,0.000,0.000,0.000,1.410,0.000,0.000,0.000,0.000,0.000,1.030,5.872,1.310,0.000,0.000,0.000,0.000,13.441,0.000,0.000,4.700,0.000,0.134,0.000,8.300,0.000,0.000,31.152
Cer77_rep3_Dep6_Tu5,13.076,0.000,14.524,0.000,0.000,41.527,0.471,0.000,0.000,8.024,0.000,0.000,1.128,0.174,0.000,0.000,0.000,0.000,0.000,0.000,3.170,0.000,0.000,0.000,0.000,0.000,0.000,0.000,0.000,4.840,0.000,0.000,0.223,0.000,12.843,0.000,0.000,0.000,0.000,0.000
Cer77_rep8_Dep6_Tu0.5,11.241,0.000,18.261,0.000,0.000,19.689,0.000,21.797,0.000,1.115,0.000,6.844,0.000,0.000,0.000,0.000,0.000,0.000,1.225,0.000,6.643,0.000,0.000,0.000,0.000,0.000,0.000,0.000,0.000,0.000,0.000,0.000,0.000,9.613,3.478,0.000,0.000,0.000,0.094,0.000
Cer77_rep9_Dep6_Tu0.3,13.141,0.000,13.184,0.000,0.000,36.121,0.000,12.730,0.000,10.541,0.000,5.437,0.000,0.332,0.000,0.000,0.000,0.000,0.000,0.000,1.011,0.000,0.000,0.000,0.000,0.000,0.000,0.000,0.000,0.000,0.000,0.000,0.000,6.939,0.563,0.000,0.000,0.000,0.000,0.000
Cer77_rep6_Dep6_Tu0.5,9.181,0.000,10.855,7.909,0.000,26.134,0.786,11.326,0.000,0.000,0.000,12.281,1.272,0.000,0.000,0.000,0.000,0.000,4.510,0.000,5.755,0.000,0.000,0.000,0.000,0.000,0.000,0.000,0.000,0.000,0.000,0.000,0.412,0.000,9.578,0.000,0.000,0.000,0.000,0.000
Cer77_rep7_Dep6_Tu1,12.685,0.000,32.800,0.000,0.000,3.134,0.000,18.925,7.408,13.147,0.000,0.000,0.000,0.743,0.000,0.000,0.000,0.000,0.389,0.000,5.229,0.000,0.000,0.000,0.000,0.000,0.000,0.068,0.000,0.000,0.000,0.000,0.000,0.000,5.472,0.000,0.000,0.000,0.000,0.000
Cer77_rep5_Dep6_Tu3,7.230,6.737,24.487,0.000,0.000,30.154,1.834,0.000,0.000,3.701,7.319,0.000,0.000,2.577,0.000,0.000,0.000,0.000,0.000,0.000,1.796,0.000,0.000,0.000,0.000,0.000,0.000,0.586,0.000,1.009,0.037,0.000,0.000,0.000,11.437,0.000,0.000,0.309,0.788,0.000
Cer77_rep10_Dep6_Tu3,8.719,0.000,0.000,0.000,0.000,44.444,0.000,7.954,0.000,4.019,0.000,8.494,3.036,0.000,0.000,0.000,0.000,0.000,0.000,0.000,5.485,0.000,0.000,0.000,0.000,0.000,0.000,0.000,0.000,0.000,0.000,0.000,0.000,9.865,5.652,0.000,0.677,0.000,0.000,1.654
Cer77_rep9_Dep6_Tu5,12.216,0.000,0.000,0.000,0.000,27.261,0.000,23.008,0.000,1.648,9.999,0.000,0.304,1.487,0.000,0.000,0.000,0.000,3.144,0.000,4.910,0.000,0.000,1.007,0.000,0.000,0.000,0.000,0.000,2.212,1.425,0.000,1.330,0.585,5.847,0.000,3.617,0.000,0.000,0.000
Cer77_rep10_Dep6_Tu20,7.310,0.000,0.000,0.000,0.000,37.983,2.147,0.000,0.000,0.000,0.000,4.889,3.691,0.000,0.000,0.000,1.409,0.000,0.000,0.000,0.000,0.000,1.712,3.424,0.361,0.000,0.000,0.000,0.000,11.708,0.000,0.000,4.683,0.000,9.401,0.000,5.336,0.000,0.000,5.947
Cer77_rep1_Dep6_Tu3,6.396,7.054,0.000,0.000,0.000,38.758,1.503,18.437,0.000,12.713,0.000,0.000,0.000,2.230,0.000,0.000,0.000,0.000,0.000,1.465,2.689,0.000,0.000,0.000,1.528,0.000,0.000,0.266,0.000,0.581,0.000,0.000,3.651,0.000,0.000,0.000,2.731,0.000,0.000,0.000
Cer77_rep5_Dep6_Tu2,9.325,0.000,8.033,0.000,0.000,38.309,0.000,12.688,0.000,11.971,0.000,0.000,0.000,3.509,0.000,0.000,0.000,0.000,2.637,0.000,1.302,0.000,0.000,0.583,0.000,0.000,0.000,0.000,0.000,0.000,1.245,0.000,0.000,0.000,9.371,1.027,0.000,0.000,0.000,0.000
Cer77_rep5_Dep6_Tu5,7.390,0.000,5.060,0.000,0.000,36.464,0.000,9.715,0.000,9.340,0.000,0.000,5.353,0.000,0.000,0.000,0.000,0.000,1.615,0.000,5.915,0.000,0.000,0.000,0.000,0.000,0.000,0.000,0.000,1.206,0.000,0.000,1.795,0.000,11.927,0.000,0.132,0.000,0.000,4.088
Cer77_rep8_Dep6_Tu2,10.312,2.655,2.280,0.000,15.718,37.008,0.000,2.159,0.232,4.790,0.000,7.154,2.922,0.000,0.000,0.000,0.000,0.000,0.000,0.000,4.223,0.000,0.000,0.000,0.000,0.000,0.000,0.000,0.000,2.338,0.000,0.000,0.161,0.000,8.047,0.000,0.000,0.000,0.000,0.000
Cer77_rep8_Dep6_Tu10,8.447,0.000,0.000,4.223,2.177,44.539,0.000,3.512,0.000,0.000,0.000,4.981,0.198,1.653,0.000,0.000,0.000,0.000,1.530,0.000,6.191,0.000,0.000,3.287,0.000,0.000,0.000,0.000,0.000,5.269,0.000,0.000,0.000,0.000,4.870,0.000,0.965,0.000,0.000,8.158
Cer77_rep10_Dep6_Tu30,7.677,0.000,0.000,0.000,0.000,25.945,4.371,0.000,0.000,0.000,4.982,0.000,0.000,0.716,0.000,0.000,0.714,0.000,0.000,0.000,0.000,0.000,1.214,2.086,1.474,0.000,0.000,0.000,0.000,9.509,0.000,0.244,2.875,0.000,11.539,0.000,13.195,0.000,0.000,13.459
Cer77_rep10_Dep6_Tu0.1,11.686,0.000,35.965,0.000,0.000,3.071,1.607,22.514,0.000,11.406,0.000,0.000,3.211,0.000,0.000,0.000,0.000,0.000,2.968,0.000,3.131,0.000,0.000,0.000,0.000,0.000,0.000,0.000,0.000,0.000,0.000,0.000,2.006,0.000,2.433,0.000,0.000,0.000,0.000,0.000
Cer77_rep6_Dep6_Tu3,8.061,0.000,3.131,0.000,0.000,46.549,1.729,7.124,0.000,11.218,0.000,0.000,0.000,0.409,0.000,0.000,0.000,0.000,0.623,0.000,5.429,0.000,0.000,0.000,0.000,0.000,0.000,0.000,0.000,0.000,0.000,0.000,1.459,1.049,13.218,0.000,0.000,0.000,0.000,0.000
Cer77_rep7_Dep6_Tu10,8.834,0.469,11.461,0.000,0.000,18.016,0.000,17.024,0.000,2.400,6.252,0.000,0.000,3.545,0.000,0.954,1.272,0.000,0.000,0.977,0.844,0.000,0.000,0.000,0.000,0.000,0.000,0.000,0.000,3.665,0.000,0.000,1.509,0.000,16.062,0.000,2.224,0.000,0.000,4.491
Cer77_rep1_Dep6_Tu0.1,2.167,9.511,0.000,5.277,0.000,33.529,0.000,28.667,0.000,8.183,0.000,1.683,0.000,0.000,0.000,0.000,0.000,0.000,0.514,0.000,3.178,0.000,0.000,0.000,0.000,0.000,0.000,0.000,0.000,0.000,0.000,0.000,0.000,0.000,7.291,0.000,0.000,0.000,0.000,0.000
Cer77_rep10_Dep6_Tu50,0.013,0.000,0.000,0.000,0.000,9.088,11.068,0.000,0.000,0.000,3.322,0.000,0.000,2.859,0.000,0.000,2.277,0.000,0.000,0.000,0.000,0.000,0.674,7.558,0.000,0.000,0.000,0.000,0.000,16.111,0.000,2.968,0.488,0.000,11.999,0.000,8.644,0.000,0.000,22.932
Cer77_rep3_Dep6_Tu2,10.249,0.000,14.677,0.000,0.000,35.072,1.151,6.851,0.000,5.652,0.000,7.390,0.000,2.239,0.000,0.000,0.000,0.000,1.815,0.000,5.556,0.000,0.000,0.624,0.000,0.000,0.000,0.000,0.000,0.156,0.000,0.000,0.000,6.343,0.000,0.100,0.000,0.871,0.000,1.253
Cer77_rep2_Dep6_Tu10,8.845,0.206,7.555,0.000,0.000,22.993,0.000,18.013,0.000,4.648,0.000,6.776,0.000,2.238,0.000,0.000,0.000,0.000,0.000,1.225,1.269,0.000,0.000,1.777,0.000,0.000,0.000,0.000,0.000,4.732,0.000,0.000,0.000,1.710,10.203,0.000,0.000,0.000,0.000,7.809
Cer77_rep4_Dep6_Tu5,7.999,0.000,0.000,0.000,11.838,31.443,0.000,0.000,6.430,0.000,0.000,13.900,3.809,0.000,0.000,0.000,0.000,0.000,1.753,0.000,1.367,0.000,0.000,1.499,0.000,0.000,0.000,0.000,0.000,2.183,0.719,0.000,3.242,0.000,10.828,0.000,0.000,0.000,0.000,2.989
Cer77_rep4_Dep6_Tu2,5.790,0.000,38.010,0.000,0.000,0.000,0.000,12.831,4.958,0.000,0.000,13.542,1.455,0.254,0.000,0.000,0.000,0.000,4.336,0.000,2.825,0.000,0.000,0.000,0.000,0.000,0.000,0.000,0.000,0.308,0.000,0.000,7.154,0.000,8.538,0.000,0.000,0.000,0.000,0.000
Cer77_rep8_Dep6_Tu3,10.671,0.000,15.648,0.000,14.522,27.912,0.000,0.000,0.000,9.734,0.000,0.832,5.318,0.000,0.000,0.000,0.000,0.000,0.974,0.000,1.021,0.000,0.000,0.000,0.000,0.000,0.269,0.000,0.000,1.998,0.000,0.000,5.700,0.000,5.401,0.000,0.000,0.000,0.000,0.000
Cer77_rep7_Dep6_Tu5,8.633,0.000,13.597,0.000,0.000,34.165,0.000,12.137,0.000,8.175,0.000,0.000,0.089,0.000,0.000,0.000,0.000,0.000,3.467,0.000,4.185,0.000,0.000,0.248,0.000,3.962,3.855,0.000,0.000,3.104,0.000,0.000,0.000,0.000,4.020,0.000,0.000,0.363,0.000,0.000
Cer77_rep4_Dep6_Tu3,9.703,0.000,7.651,0.000,0.000,47.473,0.000,0.000,0.000,0.000,0.000,12.287,5.635,0.000,0.000,0.000,0.000,0.000,0.000,0.000,4.687,0.000,0.000,0.000,0.000,0.000,0.179,0.000,0.000,1.332,0.000,0.000,2.168,0.000,8.885,0.000,0.000,0.000,0.000,0.000
Cer77_rep7_Dep6_Tu2,10.912,3.908,0.000,0.000,0.000,43.293,0.000,16.969,0.000,9.452,0.000,0.000,2.422,0.000,0.000,0.000,0.000,0.000,0.000,0.000,5.575,0.000,0.000,0.000,0.000,0.000,0.000,0.000,0.000,0.000,0.000,0.000,0.000,3.232,2.761,0.000,1.476,0.000,0.000,0.000
Cer77_rep10_Dep6_Tu40,5.702,0.000,0.000,0.000,0.000,19.163,1.656,0.000,0.000,0.000,5.640,0.000,0.343,0.000,0.000,0.000,2.440,0.000,0.000,0.000,0.000,0.000,4.159,2.691,0.000,0.000,0.000,0.000,0.000,12.776,0.000,0.000,0.000,0.000,14.240,0.000,10.070,0.000,0.000,21.120
Cer77_rep6_Dep6_Tu10,4.893,0.000,2.444,0.000,0.000,28.680,4.092,13.617,0.000,9.708,0.000,3.879,6.124,0.000,0.000,0.000,0.000,0.000,0.691,0.000,1.653,0.000,0.000,0.000,0.000,0.000,0.000,0.000,0.000,6.779,0.000,0.000,6.254,4.537,2.168,0.000,0.458,0.000,0.000,4.023
Cer77_rep6_Dep6_Tu50,4.168,0.000,0.000,0.000,0.000,10.042,8.121,0.000,0.000,0.000,0.298,4.160,0.000,0.000,5.046,0.000,0.319,0.000,0.000,0.000,0.000,0.000,0.000,7.447,0.000,0.000,0.000,0.000,0.000,13.716,0.000,0.000,8.033,0.000,7.447,0.000,13.547,0.000,0.000,17.656
Cer77_rep2_Dep6_Tu2,4.237,7.000,6.891,5.335,0.000,28.282,0.000,17.673,0.000,13.466,0.000,0.000,2.096,0.000,0.000,0.000,0.000,0.000,1.105,0.000,5.144,0.000,0.000,0.000,0.000,0.000,0.000,0.000,0.000,0.481,0.070,0.000,0.000,0.000,8.219,0.000,0.000,0.000,0.000,0.000
Cer77_rep1_Dep6_Tu5,13.099,0.000,2.868,0.000,0.000,36.520,0.000,14.270,0.000,5.703,0.000,2.490,0.000,1.581,0.000,0.000,0.000,0.000,0.000,3.615,5.988,0.000,0.000,2.191,0.000,0.000,0.000,0.000,0.000,0.000,0.000,0.000,0.528,3.760,4.673,0.000,0.000,0.262,0.000,2.452
Cer77_rep5_Dep6_Tu0.1,3.442,7.606,11.289,0.000,0.000,27.209,0.000,24.163,0.000,11.172,0.000,0.000,0.000,0.000,0.000,0.000,0.000,0.000,0.000,0.000,4.216,0.000,0.000,0.000,0.000,0.000,0.000,0.000,0.000,0.000,0.000,0.000,0.153,0.000,10.749,0.000,0.000,0.000,0.000,0.000
Cer77_rep9_Dep6_Tu50,5.197,0.000,0.000,0.000,0.000,14.730,8.433,0.000,0.000,0.000,2.314,0.000,0.000,0.000,0.000,0.000,0.000,0.000,0.000,0.000,0.000,0.000,0.312,9.255,0.000,0.000,0.000,0.000,0.000,12.152,0.000,5.250,3.910,0.000,11.528,0.000,7.369,0.000,0.840,18.712
Cer77_rep10_Dep6_Tu0.3,9.498,1.058,11.732,0.000,0.000,27.328,0.000,23.991,0.000,12.738,0.000,0.000,0.000,3.266,0.000,0.000,0.000,0.000,0.000,5.929,0.000,0.000,0.000,0.000,0.000,0.000,0.000,0.000,0.000,0.000,0.000,0.000,0.000,0.000,4.460,0.000,0.000,0.000,0.000,0.000
Cer77_rep3_Dep6_Tu0.3,10.905,0.000,20.570,0.000,0.000,16.605,0.000,22.257,0.000,0.073,0.000,8.872,0.000,0.000,0.000,0.000,0.000,0.000,1.075,0.000,6.322,0.000,0.000,0.000,0.000,0.000,0.000,0.000,0.000,0.000,0.000,0.000,0.000,7.936,5.387,0.000,0.000,0.000,0.000,0.000
Cer77_rep1_Dep6_Tu0.5,12.068,0.000,16.495,0.000,0.000,23.997,0.000,20.129,0.000,9.673,0.000,1.370,0.000,0.000,0.000,0.148,0.000,0.000,3.193,0.000,3.463,0.000,0.000,1.558,0.000,0.000,0.000,0.000,0.000,0.000,0.000,0.000,0.000,1.073,6.802,0.000,0.000,0.000,0.031,0.000
Cer77_rep4_Dep6_Tu1,7.997,0.000,7.114,0.000,0.000,25.530,0.000,26.084,0.000,3.402,0.000,7.721,3.698,0.000,0.000,0.000,0.000,0.000,1.276,0.000,7.182,0.000,0.000,0.000,0.000,0.000,0.000,0.000,0.000,0.000,0.391,0.000,2.980,0.000,6.625,0.000,0.000,0.000,0.000,0.000
Cer77_rep2_Dep6_Tu0.3,10.335,0.000,31.653,0.000,7.706,20.351,0.000,4.138,0.000,9.710,0.000,0.000,3.675,0.000,0.000,0.000,0.000,0.000,0.000,0.000,1.464,0.000,0.000,0.000,0.000,0.000,0.000,0.000,0.000,0.000,0.000,0.000,5.012,0.000,5.957,0.000,0.000,0.000,0.000,0.000
Cer77_rep10_Dep6_Tu10,11.823,0.000,0.000,0.000,0.000,30.004,20.250,0.000,0.000,7.182,0.000,0.000,2.709,0.000,0.000,0.000,0.000,0.000,0.915,0.000,3.246,0.000,0.000,4.062,0.000,0.000,0.000,0.202,0.000,1.927,0.000,0.000,4.626,0.000,7.463,0.000,2.851,0.000,0.000,2.740
Cer77_rep3_Dep6_Tu50,3.475,0.000,0.000,0.000,0.000,10.049,7.617,0.000,0.000,0.000,3.150,0.000,2.491,0.000,0.000,0.000,0.000,0.000,0.000,0.000,0.000,0.000,1.561,5.775,0.000,0.000,0.000,0.000,0.000,15.975,0.000,0.000,0.000,0.000,14.725,0.000,8.518,0.000,0.000,26.664
Cer77_rep3_Dep6_Tu0.5,11.525,0.000,20.477,0.000,3.680,31.681,0.000,0.000,0.000,9.650,0.000,5.887,0.000,2.054,0.000,0.000,0.000,0.000,2.812,0.000,3.390,0.000,0.000,0.000,0.000,0.000,0.000,0.000,0.000,0.000,0.000,0.000,3.251,5.593,0.000,0.000,0.000,0.000,0.000,0.000
Cer77_rep5_Dep6_Tu40,3.572,0.000,0.000,0.000,0.000,21.589,3.349,0.000,0.000,0.000,0.965,2.473,0.000,2.902,0.000,0.000,1.406,1.234,0.000,0.000,0.000,0.000,0.000,3.447,0.000,0.000,0.000,0.000,0.000,13.501,0.000,3.580,2.901,0.000,8.129,0.000,5.980,0.000,0.000,24.971
Cer77_rep9_Dep6_Tu2,15.820,0.000,0.000,0.000,0.000,39.454,0.000,17.361,0.000,11.462,0.000,0.000,0.000,0.000,0.000,0.000,0.000,0.000,0.000,0.000,4.270,0.000,0.000,0.000,0.000,0.000,0.000,0.000,0.000,1.274,0.000,0.000,0.000,6.329,4.029,0.000,0.000,0.000,0.000,0.000
Cer77_rep8_Dep6_Tu20,3.381,0.000,0.000,0.000,0.000,36.774,4.564,0.000,0.000,0.000,5.297,0.000,1.853,0.000,0.000,0.000,0.000,5.259,0.000,0.000,0.000,0.000,3.396,0.000,0.000,0.000,0.000,0.000,0.000,5.788,0.000,0.000,0.723,0.000,12.036,0.000,6.353,0.000,0.000,14.577
Cer77_rep7_Dep6_Tu0.5,9.135,0.000,12.126,0.000,0.000,34.387,0.000,14.318,0.000,0.000,10.685,0.000,4.192,0.000,0.000,0.000,0.000,0.000,2.275,0.000,4.666,0.000,0.000,0.000,0.000,0.000,0.000,0.000,0.000,0.000,0.000,0.000,0.000,0.323,7.894,0.000,0.000,0.000,0.000,0.000
Cer77_rep1_Dep6_Tu50,6.151,0.000,0.000,0.000,0.000,13.981,0.000,0.000,0.000,0.000,0.309,5.131,0.000,0.533,0.000,0.000,3.183,0.000,0.000,0.000,0.000,0.000,0.000,4.272,1.147,0.000,0.000,0.000,0.000,12.967,0.000,3.724,0.000,0.000,8.626,0.000,11.804,0.000,0.000,28.173
Cer77_rep10_Dep6_Tu1,8.438,0.000,14.789,0.000,13.843,32.782,0.000,0.000,0.000,11.483,0.000,0.000,4.803,0.000,0.000,0.000,0.000,0.000,1.674,0.000,0.875,0.000,0.000,0.000,0.000,0.000,0.000,0.000,0.000,0.041,0.000,0.000,3.970,0.000,7.303,0.000,0.000,0.000,0.000,0.000
Cer77_rep8_Dep6_Tu0.3,13.131,0.000,13.305,0.000,0.000,37.682,0.000,11.290,0.000,11.374,0.000,4.996,0.000,0.429,0.000,0.000,0.000,0.000,0.000,0.000,0.706,0.000,0.000,0.000,0.000,0.000,0.000,0.000,0.000,0.000,0.000,0.000,0.000,6.794,0.293,0.000,0.000,0.000,0.000,0.000
Cer77_rep4_Dep6_Tu20,5.872,0.000,0.000,0.000,0.000,31.922,0.102,5.080,0.000,0.000,0.000,7.098,2.988,1.721,0.000,0.000,0.000,0.000,0.000,0.000,0.000,0.000,2.990,0.000,1.047,0.000,3.179,0.000,0.000,6.386,0.000,0.000,0.000,0.000,8.689,0.000,2.878,2.295,0.000,17.754
Cer77_rep7_Dep6_Tu30,11.000,0.000,0.000,0.000,0.000,34.033,0.000,0.000,0.000,0.000,0.000,3.562,0.000,2.081,0.000,0.000,1.719,0.000,0.000,0.000,0.000,0.000,3.145,2.467,3.053,0.000,0.000,0.000,0.000,7.737,0.000,1.146,0.000,0.000,9.754,0.000,5.009,0.000,13.733,1.561
Cer77_rep7_Dep6_Tu40,5.174,0.000,0.000,0.000,0.000,19.941,3.039,0.000,0.000,0.000,4.561,0.000,0.000,0.123,0.000,0.000,0.616,0.000,0.000,0.000,0.000,0.000,2.476,4.799,0.000,0.000,0.000,0.000,0.000,13.205,0.000,0.356,0.000,0.000,12.101,0.000,11.363,0.000,0.000,22.245
Cer77_rep9_Dep6_Tu0.1,12.249,0.000,0.000,9.810,0.000,43.729,0.000,0.797,0.000,6.667,0.000,5.569,4.489,0.000,0.000,0.000,0.000,0.000,0.000,0.000,4.604,0.000,0.000,0.000,0.000,0.000,0.000,0.000,0.000,0.000,0.000,0.000,0.277,0.000,11.808,0.000,0.000,0.000,0.000,0.000
Cer77_rep5_Dep6_Tu20,4.793,0.000,0.000,0.000,0.000,35.531,2.528,0.000,0.000,0.000,0.000,7.207,2.150,0.000,0.000,0.000,0.000,0.000,3.173,0.000,1.494,0.000,3.909,1.078,0.000,0.000,0.000,0.000,0.000,9.395,0.000,0.000,6.766,0.000,6.426,0.000,2.681,0.000,0.000,12.870
Cer77_rep8_Dep6_Tu1,10.602,0.000,7.550,0.000,0.000,25.263,0.000,25.475,4.718,7.433,0.000,4.969,0.464,2.586,0.000,0.000,0.000,0.000,0.000,0.000,0.621,0.000,0.000,0.000,0.000,0.000,0.000,0.000,0.000,0.000,0.000,0.000,5.268,0.000,5.052,0.000,0.000,0.000,0.000,0.000
Cer77_rep6_Dep6_Tu0.1,10.351,0.000,6.691,0.000,0.000,37.800,0.000,17.289,0.000,13.921,0.000,0.000,0.000,0.000,0.000,0.000,0.000,0.000,0.000,2.255,3.997,0.000,0.000,0.000,0.000,0.000,0.000,0.000,0.000,0.000,0.000,0.000,0.000,0.000,7.695,0.000,0.000,0.000,0.000,0.000
Cer77_rep2_Dep6_Tu3,10.791,5.137,11.369,0.000,0.000,36.481,0.000,7.287,0.000,4.492,3.170,3.643,0.000,3.233,0.000,0.000,1.950,0.000,0.000,0.000,1.568,0.000,0.000,0.000,0.000,0.000,0.000,0.000,0.000,0.141,0.000,0.000,4.147,5.774,0.062,0.000,0.000,0.000,0.000,0.756
Cer77_rep1_Dep6_Tu0.3,12.893,0.000,3.783,0.000,0.000,35.098,0.585,23.090,0.000,13.097,0.000,0.000,0.000,1.789,0.000,0.000,1.056,0.000,0.829,0.008,3.345,0.000,0.000,0.000,0.000,0.000,0.000,0.000,0.000,0.000,0.000,0.000,0.000,3.262,0.000,0.000,0.000,1.163,0.000,0.000
Cer77_rep1_Dep6_Tu40,6.967,0.000,0.000,0.000,0.000,15.706,7.632,0.000,0.000,0.000,3.038,0.000,2.270,0.000,0.000,0.000,0.000,1.847,0.000,0.000,0.000,0.000,0.692,1.401,0.000,0.000,0.000,0.000,0.000,14.180,0.000,2.146,5.149,0.000,11.613,0.000,9.163,0.000,0.000,18.196
Cer77_rep6_Dep6_Tu30,7.549,0.000,0.000,0.000,0.000,25.164,5.354,0.000,0.000,0.000,3.446,1.955,3.934,0.000,0.000,0.000,2.588,0.000,0.000,0.000,0.000,0.000,0.740,4.226,0.000,0.000,0.000,0.000,0.000,10.516,0.000,0.000,0.114,0.000,11.771,0.000,0.000,0.000,0.000,22.644
Cer77_rep2_Dep6_Tu0.1,9.879,0.000,33.310,0.000,3.652,5.068,0.000,14.688,0.000,1.912,0.000,11.250,5.114,0.000,0.000,0.000,0.000,0.000,1.009,0.000,3.852,0.000,0.000,0.000,0.000,0.000,0.000,0.000,0.000,0.000,0.197,0.000,2.946,0.000,7.121,0.000,0.000,0.000,0.000,0.000
Cer77_rep1_Dep6_Tu20,10.071,0.000,0.000,0.000,0.000,33.915,0.000,0.000,0.000,0.000,0.000,9.362,4.077,0.000,1.717,0.000,0.000,0.000,0.000,1.809,0.000,0.000,0.888,0.000,0.000,0.000,0.000,0.000,0.000,9.585,0.000,0.854,0.000,0.000,12.760,0.000,3.757,0.000,0.000,11.205
Cer77_rep4_Dep6_Tu30,8.425,0.000,0.000,0.000,0.000,25.437,4.879,0.000,0.000,1.294,4.652,0.000,0.986,0.000,0.000,0.873,0.000,0.000,0.000,0.000,0.000,0.000,0.000,9.669,0.000,0.000,0.000,0.000,0.000,7.902,0.000,0.000,0.000,0.000,16.438,0.000,4.482,0.000,0.000,14.962
Cer77_rep10_Dep6_Tu0.5,7.194,2.818,4.487,0.000,0.000,37.868,0.000,19.569,0.000,12.202,0.000,0.000,1.066,0.000,0.000,0.000,0.000,0.000,0.000,0.000,4.205,0.000,0.000,0.000,0.000,0.000,0.000,0.000,0.000,0.000,0.000,0.000,1.212,0.000,9.379,0.000,0.000,0.000,0.000,0.000
Cer77_rep5_Dep6_Tu10,15.462,0.000,16.622,0.000,0.000,1.050,0.000,18.353,10.605,0.000,0.000,8.306,0.000,1.131,1.124,0.000,0.000,0.000,0.000,0.000,0.000,4.959,0.000,0.000,0.000,0.000,0.000,0.000,0.000,6.745,0.000,0.000,4.312,0.000,6.100,0.000,0.000,0.000,5.230,0.000
Cer77_rep9_Dep6_Tu1,1.623,8.514,5.846,0.000,0.000,26.637,0.000,29.020,0.000,11.284,0.000,0.000,0.334,0.000,0.000,0.000,0.000,0.000,0.000,0.000,4.471,0.000,0.000,0.000,0.000,0.000,0.000,0.000,0.000,0.000,0.367,0.000,4.971,0.000,6.933,0.000,0.000,0.000,0.000,0.000
Cer77_rep1_Dep6_Tu10,9.569,0.000,0.000,0.000,0.000,26.777,0.000,23.207,0.000,0.773,0.000,5.534,3.883,0.000,0.000,0.000,0.000,0.000,2.396,0.000,6.985,0.000,0.000,0.000,0.905,0.000,0.000,0.000,0.000,4.992,0.000,0.000,13.002,0.000,0.078,0.000,0.000,0.000,0.000,1.900
Cer77_rep8_Dep6_Tu0.1,10.333,0.000,9.380,6.336,0.000,30.734,0.000,12.224,0.000,10.756,0.000,0.000,0.000,2.569,0.000,0.000,0.000,0.000,1.597,0.000,6.153,0.000,0.000,0.000,0.000,0.000,0.100,0.000,0.000,0.000,0.000,0.000,0.000,0.000,9.819,0.000,0.000,0.000,0.000,0.000
Cer77_rep9_Dep6_Tu10,7.196,0.000,0.000,0.000,0.000,35.247,0.830,9.653,0.000,0.000,0.000,14.226,2.029,0.000,0.000,0.000,0.000,0.000,0.000,0.000,5.905,0.000,0.000,2.636,0.000,0.000,0.000,0.000,0.000,5.347,0.000,0.000,0.221,3.214,5.711,0.000,0.000,1.624,0.000,6.161
Cer77_rep7_Dep6_Tu0.1,9.817,0.000,16.146,0.000,0.000,23.840,0.000,20.111,0.000,14.408,0.000,0.000,0.000,2.640,0.000,0.378,0.000,0.000,0.000,0.514,1.923,0.000,0.000,0.000,0.000,0.000,0.000,0.000,0.000,0.000,0.000,0.000,0.000,0.000,10.224,0.000,0.000,0.000,0.000,0.000
