Sample,erythroblast-1,erythroblast-2,neutrophil-1,neutrophil-2,neutrophil-3,neutrophil-4,neutrophil-5,neutrophil-6,neutrophil-7,monocyte-1,monocyte-2,monocyte-3,naturalkillercell-1,naturalkillercell-2,cd4tcell-5,cd4tcell-6,cd4tcell-7,cd4tcell-8,cd8tcell-1,cd8tcell-2,bcell-1,bcell-2,bcell-3,BRCA-1,BRCA-2,BRCA-3,BRCA-4,BRCA-5,COAD-1,COAD-2,READ-1,READ-2,OV-1,OV-2,OV-3,CESC-4,CESC-1,CESC-2,CEAD-3,CEAD-1,Unknown-1
Breast-GC1002975,0.663,4.625,2.283,2.749,0.562,2.365,6.035,11.054,1.226,4.606,0.958,1.190,1.654,0.511,1.227,0.092,0.081,0.008,0.183,0.327,1.409,0.303,0.231,0.000,0.004,0.014,0.012,0.007,0.000,0.000,0.001,0.218,24.566,0.359,3.840,0.141,3.258,1.932,0.908,1.405,18.991
Breast-GC1002976,3.110,0.871,4.120,11.314,3.625,1.357,1.497,2.235,4.111,1.008,0.998,0.209,0.392,1.546,1.061,1.145,0.366,1.612,5.700,1.129,1.181,1.850,0.308,0.000,0.807,1.506,0.274,0.000,0.000,0.000,0.016,0.454,4.167,0.336,5.937,16.924,0.003,0.804,0.006,0.013,18.010
Breast-GC1002977,0.000,0.000,9.440,9.112,2.285,1.799,0.136,4.445,9.788,0.001,0.152,3.681,4.882,4.960,0.294,10.016,0.350,0.833,0.560,0.027,0.780,0.748,5.433,0.000,0.000,0.000,0.000,0.000,0.000,0.000,0.000,0.000,0.000,0.004,0.000,0.000,0.000,0.000,0.000,0.000,30.273
Breast-GC1002978,0.029,0.536,1.728,1.815,1.064,1.484,0.109,2.235,7.986,6.280,6.797,2.194,0.854,0.377,0.016,0.127,0.315,0.139,0.421,0.457,0.253,0.537,1.073,0.000,0.962,0.071,1.395,0.000,0.001,0.320,0.000,0.014,19.387,0.200,6.450,0.003,14.699,0.004,1.527,0.041,18.100
Breast-GC1002979,2.050,0.166,14.155,12.707,1.947,2.615,5.426,0.113,1.320,3.774,2.442,5.352,0.114,2.531,0.170,0.142,0.127,0.292,0.811,0.456,0.142,0.251,0.502,1.649,0.000,0.058,2.915,2.140,0.010,0.000,1.227,0.045,17.247,0.808,0.041,0.098,0.008,1.814,2.994,0.382,10.960
Breast-GC1002980,6.448,0.669,14.998,1.070,1.479,0.087,2.850,0.012,0.689,4.214,3.898,0.819,0.176,0.293,0.140,0.517,1.400,0.800,0.140,0.360,0.007,0.259,1.067,0.000,0.000,0.000,0.000,0.000,0.000,0.000,0.000,0.000,12.242,0.002,8.506,0.002,6.205,16.937,1.339,0.052,12.324
Breast-GC1002981,1.655,0.398,2.599,0.490,0.066,12.046,1.130,0.541,14.047,4.297,1.947,3.639,1.564,0.364,0.003,0.347,0.102,0.353,0.080,0.118,0.032,0.187,0.405,0.000,0.286,0.059,0.001,0.000,0.000,0.000,0.000,0.000,19.468,0.176,9.641,2.275,0.618,8.475,0.195,1.016,11.375
Breast-GC1003967,9.965,0.926,3.759,1.253,0.352,5.146,2.144,0.516,1.899,2.974,2.834,6.737,0.263,1.869,0.170,0.373,0.612,0.153,0.059,0.055,0.007,0.912,0.089,0.488,0.000,0.006,0.389,0.002,0.098,0.000,0.045,3.202,9.026,0.367,7.538,0.907,6.238,9.460,1.959,0.584,16.625
Breast-GC1003968,12.273,0.356,9.015,1.596,0.651,4.629,1.051,2.002,0.171,1.065,2.109,3.866,0.751,2.839,0.017,0.002,0.058,0.023,0.005,3.852,0.100,0.131,0.488,0.001,0.008,0.005,0.080,0.919,0.652,0.538,0.002,1.323,0.739,5.683,5.625,5.721,4.112,8.170,0.004,0.089,19.278
Breast-GC1003970,1.585,1.373,1.841,0.179,9.797,1.036,5.761,1.714,0.071,6.557,15.051,14.796,0.028,0.298,0.888,0.246,0.531,0.696,0.021,2.007,0.007,0.020,0.173,0.000,0.000,3.224,0.573,0.000,0.005,0.000,0.000,0.026,2.438,0.365,0.007,1.429,0.688,8.257,4.213,0.618,13.478
Breast-GC1003971,4.409,5.502,1.483,0.779,2.820,1.505,0.183,1.069,0.326,12.442,1.168,2.534,3.934,1.927,0.009,0.148,0.476,0.285,4.277,0.262,0.582,1.010,0.115,0.046,0.000,0.002,0.117,0.000,0.030,0.588,0.000,0.001,2.223,5.264,4.244,0.084,15.361,4.622,4.329,0.086,15.757
Breast-GC1003972,3.045,4.973,1.438,0.143,0.267,3.135,0.453,0.268,1.040,5.414,7.762,6.794,1.643,1.219,0.033,0.132,0.115,0.035,0.980,1.427,0.157,0.082,0.049,0.015,1.503,0.000,0.000,0.000,0.902,0.156,0.546,0.001,5.428,0.473,10.453,7.828,0.063,3.507,6.620,2.931,18.969
Breast-GC1003974,1.360,5.592,29.588,7.108,0.408,2.026,0.557,1.243,0.063,7.933,1.719,0.799,0.061,0.213,0.210,0.419,0.290,1.006,1.210,0.001,1.571,0.347,0.223,0.000,0.000,0.000,0.016,0.000,1.299,0.227,0.000,0.000,0.659,1.392,5.224,0.005,0.064,6.476,7.382,0.029,13.281
Breast-GC1002311,2.960,0.069,0.839,3.877,0.398,3.615,0.702,0.111,4.170,3.833,3.606,3.056,0.060,0.050,0.247,0.346,0.065,0.184,0.056,0.015,0.001,0.000,0.007,0.000,0.000,0.000,0.000,0.000,0.000,0.000,0.001,0.032,50.095,0.000,0.068,0.003,2.373,0.002,0.017,0.016,19.126
Breast-GC1004006,8.678,0.356,4.328,5.807,2.026,1.608,4.373,1.571,10.399,0.929,5.466,3.841,0.139,0.077,0.665,2.913,0.043,1.880,0.405,1.033,0.037,0.026,4.327,0.000,1.331,0.000,0.000,0.000,0.000,0.000,0.000,1.898,7.879,0.003,0.546,0.796,0.140,0.086,8.222,0.611,17.559
Breast-GC1004007,3.537,1.356,0.101,2.264,1.241,0.919,2.590,0.798,2.193,2.289,1.228,0.882,2.413,1.494,0.177,0.121,0.060,1.403,0.055,0.010,1.514,0.208,0.076,0.001,0.000,0.000,0.000,0.000,0.000,0.000,0.000,0.000,20.555,0.010,19.810,2.484,6.939,0.072,5.577,0.003,17.618
Breast-GC1004008,3.595,0.001,16.971,4.499,0.258,5.663,0.895,3.199,4.878,0.189,2.761,1.665,0.125,1.675,0.000,0.003,0.295,0.386,0.599,2.047,0.128,0.262,2.005,0.000,0.095,0.000,0.122,0.052,0.000,0.000,0.711,0.002,1.257,0.037,3.112,0.024,0.237,27.075,0.012,6.102,9.061
Breast-GC1004009,1.171,1.156,9.477,10.154,11.077,4.523,0.197,1.072,3.065,0.519,1.698,6.555,0.051,0.118,0.002,0.001,0.003,0.008,0.033,0.051,0.078,0.190,0.377,0.000,0.000,0.001,0.070,0.000,0.114,0.303,0.000,0.035,8.641,8.202,1.537,13.907,0.305,2.335,1.615,0.023,11.334
Breast-GC110693,0.626,3.671,4.934,4.935,6.360,5.814,0.481,9.135,1.280,7.866,0.327,0.121,1.724,1.020,0.051,0.085,0.681,0.326,0.256,2.361,2.489,1.616,1.724,0.001,0.000,1.793,0.000,0.000,0.000,0.000,0.000,1.412,14.515,0.002,1.360,0.167,0.090,1.677,0.136,0.088,20.873
Breast-GC110694,0.939,6.412,0.661,0.910,6.790,0.831,8.942,8.125,0.802,12.390,0.058,0.028,1.517,0.848,1.288,0.393,0.091,0.056,0.191,0.455,2.204,0.072,0.579,0.000,1.435,0.000,0.000,0.000,0.041,0.001,0.003,0.165,10.337,0.034,11.280,4.103,1.748,1.082,0.946,0.564,13.678
Breast-GC110695,4.559,0.156,2.360,0.574,0.393,2.023,0.225,0.325,0.395,0.295,2.644,4.287,0.218,4.004,1.018,0.407,0.738,0.165,0.168,0.103,0.001,0.052,0.029,0.000,1.590,0.003,0.028,0.047,0.000,0.000,0.000,0.164,17.069,2.259,7.115,7.823,0.344,6.881,7.235,1.099,23.201
Breast-GC110696,0.530,3.324,12.967,0.991,0.360,0.173,0.799,0.409,1.473,6.795,2.195,3.159,4.235,0.709,0.277,0.068,0.282,0.605,0.131,0.597,0.686,1.172,2.665,0.000,0.100,0.000,0.000,0.000,0.000,0.000,0.000,0.000,3.860,0.106,17.536,0.286,0.075,15.135,1.639,3.096,13.565
Breast-GC116960,1.451,2.009,8.346,5.253,1.767,1.606,0.358,0.805,1.356,4.430,13.220,2.109,0.266,3.078,0.491,0.882,0.894,1.624,0.535,0.206,0.239,0.269,3.255,0.004,0.055,0.074,0.009,0.000,0.096,0.057,0.000,0.002,2.402,0.268,17.998,3.729,0.149,1.097,10.195,0.442,8.973
Breast-GC116963,0.148,0.115,10.016,0.757,26.029,1.376,0.425,3.032,11.272,1.307,1.934,1.079,0.075,1.122,0.388,0.112,0.045,0.679,0.018,0.007,0.006,0.002,0.002,0.000,0.000,0.000,0.000,0.000,0.000,0.000,0.000,0.001,3.339,0.389,6.593,2.266,0.003,12.927,0.343,5.576,8.617
Breast-GC116964,0.561,8.302,0.391,0.078,1.428,0.009,1.170,4.730,0.141,18.488,2.448,0.011,1.656,2.891,1.810,0.292,0.012,2.919,0.059,1.224,3.551,0.260,1.698,0.000,0.000,0.001,0.001,0.000,0.021,0.516,0.122,0.034,0.403,0.215,11.755,1.221,0.000,1.490,0.980,0.217,28.893
Breast-GC116965,7.711,2.915,1.487,1.737,1.282,0.082,0.230,0.474,0.176,0.776,4.195,2.155,0.374,0.725,0.061,0.139,0.819,0.959,0.178,0.161,0.024,0.006,0.305,0.316,0.000,0.043,0.026,0.000,0.000,0.000,0.000,0.006,2.043,0.372,15.735,1.266,3.898,20.923,0.328,9.253,18.819
Breast-GC116966,5.319,1.168,0.560,1.677,0.162,1.329,2.579,0.894,0.543,3.789,8.587,1.237,2.019,0.768,0.030,0.006,0.143,0.409,0.290,0.143,0.048,0.075,0.296,0.000,0.000,0.000,0.000,0.000,0.000,0.000,0.000,0.000,2.023,0.003,10.587,0.002,3.729,23.463,10.555,0.028,17.541
Breast-GC116967,0.411,4.307,2.498,4.625,3.387,0.658,0.763,1.325,2.372,2.883,7.554,4.044,1.218,3.417,2.039,2.420,0.263,0.245,1.359,0.363,0.441,0.540,0.656,0.195,0.000,0.078,0.142,0.091,0.031,0.336,0.570,0.006,7.006,1.935,6.704,5.828,0.901,6.340,2.442,1.002,18.606
Breast-GC116968,1.147,0.300,10.678,11.255,5.658,3.969,4.735,1.994,1.122,2.207,0.506,2.240,0.090,0.730,0.084,0.107,0.240,0.434,0.325,0.068,0.002,0.065,0.120,0.074,0.000,0.010,0.405,0.000,0.005,0.143,0.002,0.956,1.841,0.213,6.874,3.696,0.047,21.779,5.459,1.531,8.887
Breast-GC116969,0.787,4.214,0.498,1.087,14.460,4.420,5.595,11.938,6.784,3.426,1.241,0.071,1.064,0.763,0.017,0.567,0.288,0.624,0.753,2.027,0.308,0.006,0.096,0.000,0.000,0.000,0.000,0.000,0.000,0.000,0.000,0.024,0.661,1.300,4.096,0.584,20.101,0.138,0.507,0.031,11.523
Breast-GC116970,2.846,4.546,13.553,1.086,2.144,6.750,0.261,0.939,3.281,3.922,0.901,6.982,0.406,0.655,1.007,0.145,0.511,0.016,0.200,0.114,0.193,0.098,0.859,0.022,0.024,0.002,0.071,0.000,0.006,0.306,0.157,1.118,23.194,0.168,1.652,5.337,0.006,1.998,1.361,0.004,13.161
Breast-GC116971,8.561,0.510,0.010,1.919,0.522,3.023,1.830,0.347,8.301,2.672,6.034,1.357,1.818,1.179,0.138,0.180,0.510,0.427,0.164,0.024,0.046,0.080,3.043,0.239,0.000,0.005,0.004,0.115,0.000,0.000,0.220,0.009,3.543,0.178,16.274,4.695,2.625,11.902,5.497,0.839,11.162
Breast-GC110676,0.919,0.965,4.142,2.973,0.219,1.883,1.299,1.710,10.299,0.259,2.459,2.482,0.770,0.220,0.438,0.398,0.374,0.056,3.419,1.937,0.013,1.366,0.311,0.000,0.000,0.000,0.000,0.000,0.001,0.399,1.480,0.000,22.241,0.013,3.504,0.003,2.137,8.677,0.037,0.032,22.564
Breast-GC110678,0.782,4.871,1.986,0.721,0.802,2.604,0.489,0.161,15.040,5.341,6.370,10.224,0.895,3.143,0.083,0.123,0.263,0.273,1.157,1.506,0.316,0.831,0.620,0.001,0.001,0.001,0.005,0.083,0.333,0.701,1.474,0.001,6.373,0.864,11.942,2.300,0.129,3.752,9.692,0.005,3.742
Breast-GC110679,3.776,2.379,4.432,3.367,3.322,3.338,1.624,0.448,0.337,3.625,2.316,4.626,0.213,0.085,0.059,0.005,3.116,0.779,0.224,0.027,0.553,1.553,0.475,1.426,1.280,0.052,6.350,6.621,0.002,0.931,0.406,0.001,3.885,0.008,10.700,3.655,0.195,6.286,1.214,0.797,15.512
Breast-GC110680,5.285,5.040,4.423,4.147,1.413,19.311,0.117,2.997,0.906,0.748,3.100,2.494,0.447,0.767,0.101,0.090,0.090,0.264,0.336,3.243,0.014,0.204,1.741,0.000,0.134,0.000,0.000,0.000,0.000,0.000,0.000,1.307,0.906,0.125,3.832,6.260,5.417,10.365,0.645,1.124,12.609
Breast-GC110681,0.957,6.839,2.356,3.735,0.914,2.944,0.077,0.203,0.044,0.013,0.133,2.086,0.961,2.298,0.008,0.016,0.004,0.004,0.241,1.845,1.829,1.951,0.009,0.000,6.793,0.015,2.940,0.000,0.000,0.000,0.156,3.341,0.003,11.891,14.270,1.067,2.143,0.540,0.087,0.000,27.289
Breast-GC110682,0.201,1.387,8.805,0.758,5.634,8.940,0.073,3.134,0.692,0.266,2.552,6.795,1.234,4.021,0.192,0.149,0.106,0.320,1.624,0.361,0.642,0.218,6.042,0.000,0.001,0.003,0.158,0.001,0.000,0.000,0.029,0.074,10.245,5.455,0.554,1.840,0.518,2.695,6.419,0.207,17.655
Breast-GC110683,0.200,4.363,0.487,0.072,4.760,0.216,9.079,3.948,0.315,14.840,0.184,0.004,2.822,3.720,3.647,0.092,0.006,0.069,0.011,1.108,5.236,0.084,0.065,0.001,0.511,0.464,0.013,0.315,0.010,0.195,0.129,1.508,0.325,1.776,15.200,2.223,0.451,1.522,3.049,0.311,16.670
Breast-GC110684,3.141,7.225,6.103,10.788,5.178,3.150,1.178,0.448,0.554,0.760,12.880,2.479,1.649,1.619,0.326,0.636,0.491,0.270,0.286,0.066,0.654,0.542,1.897,0.008,1.305,0.000,0.000,0.000,0.000,0.000,2.905,0.002,9.214,1.388,0.336,0.000,0.004,0.372,3.768,0.612,17.766
Breast-GC110685,1.280,1.387,5.402,1.921,1.079,1.930,0.549,0.659,1.351,1.944,6.618,5.606,2.569,1.056,1.023,0.995,1.859,4.832,2.178,0.291,0.805,1.560,2.994,0.000,0.214,0.015,0.105,0.000,0.091,0.011,0.408,0.585,0.100,3.601,8.203,5.178,1.575,16.712,1.257,6.043,6.012
Ovarian-GC110686,0.212,5.779,5.966,1.530,2.854,0.622,0.668,1.744,2.773,0.864,4.201,0.317,0.407,1.900,0.005,0.005,0.173,0.044,0.001,0.001,0.003,0.000,0.005,0.000,0.000,0.000,0.000,0.000,0.000,0.723,0.038,0.000,2.707,0.012,17.283,1.327,5.969,38.489,0.014,0.069,3.294
Ovarian-GC114179,3.071,10.002,2.111,0.016,0.675,0.064,17.379,2.545,0.029,1.970,9.867,2.120,0.808,2.199,1.172,0.112,0.340,0.844,0.039,2.452,0.480,0.118,1.021,0.000,0.000,0.006,0.068,0.000,0.001,0.238,1.727,0.010,0.654,0.574,0.164,3.185,0.117,22.806,0.460,2.572,7.986
Ovarian-GC114180,3.278,2.469,1.638,4.386,1.048,4.313,2.747,1.559,1.126,8.645,2.518,0.111,1.835,0.675,0.131,0.063,0.060,2.638,0.044,0.137,0.368,1.012,0.942,0.000,0.001,0.001,0.000,0.000,1.053,0.000,0.000,0.756,6.189,0.006,3.437,1.786,0.019,36.746,7.322,0.043,0.897
Ovarian-GC114181,0.062,15.645,0.001,0.001,4.082,0.013,17.240,4.025,0.001,5.709,0.156,0.157,0.043,2.973,0.208,0.001,0.000,0.001,0.000,0.261,0.017,0.001,0.002,0.001,0.000,0.358,8.108,0.207,0.000,0.000,0.001,1.869,0.119,0.795,1.641,0.074,0.514,0.760,34.069,0.745,0.140
Ovarian-GC114182,0.047,0.280,0.615,2.248,0.397,7.690,0.475,0.029,0.633,0.824,1.024,2.508,0.116,0.018,0.004,0.012,0.004,0.020,1.404,0.755,0.000,0.000,0.001,0.027,0.002,0.423,2.487,0.001,0.316,0.000,0.692,0.222,0.008,59.903,0.012,6.114,0.195,0.028,0.537,0.027,9.899
Ovarian-GC116977,0.498,9.408,0.098,0.512,4.481,0.023,7.724,4.467,0.081,5.958,1.419,2.594,0.222,2.228,1.871,0.034,0.009,0.086,0.013,0.269,1.549,0.004,0.110,0.000,0.000,0.000,0.000,0.000,0.002,0.263,0.032,0.017,0.713,0.295,6.936,5.274,0.087,11.222,15.402,0.032,16.065
Ovarian-GC116979,1.363,3.020,0.298,0.735,11.113,0.209,11.009,5.404,1.896,5.436,1.358,1.580,1.292,0.333,2.611,0.611,0.005,0.102,0.042,0.702,0.092,0.248,0.125,0.005,0.005,0.013,0.359,0.542,0.002,0.035,0.003,0.018,1.188,20.033,0.309,3.264,0.340,2.144,20.788,0.718,0.652
Ovarian-GC116982,7.429,0.994,2.561,10.681,0.138,1.106,2.760,0.040,1.417,1.105,5.147,3.815,2.545,3.763,1.707,0.066,0.883,0.099,0.009,0.547,0.139,0.152,1.608,0.000,0.551,0.998,0.037,0.000,0.000,0.000,0.020,0.184,6.513,8.188,13.550,8.250,0.187,6.146,1.092,2.029,3.541
Ovarian-GC116990,1.722,0.407,5.216,2.599,3.354,9.482,0.487,3.773,2.865,1.492,5.216,7.455,1.491,2.303,0.326,0.445,0.681,1.358,2.510,0.087,0.070,1.442,2.358,0.000,0.567,0.146,0.001,0.003,0.067,0.000,0.478,0.196,0.377,4.205,3.240,5.995,1.696,8.008,0.658,0.241,16.984
Ovarian-GC119363,5.978,11.204,0.278,1.460,2.864,0.837,6.682,6.629,0.103,2.226,0.229,0.608,0.472,1.071,3.207,0.145,0.118,0.331,0.030,0.253,1.477,0.095,0.082,0.157,0.025,0.552,0.046,0.338,0.961,0.165,0.000,0.352,3.750,0.573,10.002,11.100,0.076,15.141,3.854,1.982,4.545
Ovarian-GC119364,2.106,1.175,3.576,6.008,2.335,4.920,3.954,5.820,0.908,1.640,6.266,9.572,1.248,1.246,0.003,0.111,0.653,0.163,0.028,0.012,0.017,0.457,2.420,0.025,1.173,0.004,0.000,0.059,0.000,0.000,0.202,0.181,8.421,0.186,2.168,1.382,7.362,10.947,0.477,4.664,8.111
Ovarian-GC119365,0.314,0.111,0.000,0.000,0.000,0.000,0.000,0.000,0.000,0.000,0.000,0.000,0.001,0.001,0.037,0.011,0.002,0.004,0.000,0.001,0.013,0.198,0.229,0.002,0.055,0.000,0.006,0.006,0.008,0.000,0.000,3.441,0.125,95.342,0.009,0.000,0.001,0.081,0.001,0.001,0.000
Ovarian-GC119366,10.615,2.161,0.076,0.332,0.051,0.387,0.997,0.376,1.731,1.928,6.157,3.137,1.024,0.907,0.522,0.208,0.254,0.727,0.147,0.074,0.000,0.003,0.018,0.055,0.314,0.365,0.018,0.001,0.938,0.001,0.045,0.785,12.420,0.531,3.494,14.094,6.298,21.441,0.039,7.323,0.007
Colorectal-GC121326,1.770,10.609,1.488,0.480,15.516,2.159,9.074,4.770,1.000,0.021,0.892,1.704,1.341,0.720,2.899,0.475,0.999,0.542,0.006,0.306,0.692,0.269,0.129,0.336,0.000,0.069,0.000,0.017,0.286,0.050,0.007,0.191,3.250,0.721,6.483,8.149,0.001,9.180,4.805,0.451,8.142
Colorectal-GC121327,10.965,1.200,0.030,0.556,1.322,2.869,1.559,1.149,2.286,4.846,0.737,4.862,0.000,0.000,0.001,0.001,0.002,0.006,0.000,0.000,0.081,0.007,0.013,4.821,0.914,3.084,0.007,0.011,0.006,11.141,0.029,0.000,1.405,0.265,4.251,1.692,19.617,3.094,14.315,0.715,2.141
Colorectal-GC121328,8.123,21.221,0.005,0.000,0.000,0.038,0.015,0.010,0.207,0.058,4.952,3.422,1.170,0.609,0.004,2.118,0.070,0.740,0.264,1.464,0.006,0.007,0.929,0.000,0.002,0.000,0.038,0.000,0.000,0.000,0.596,0.059,0.188,3.943,10.447,0.016,0.115,0.012,23.960,0.004,15.188
Colorectal-GC121329,0.144,20.050,0.127,0.007,0.187,0.039,4.106,0.226,0.069,3.636,1.090,0.546,0.681,0.023,1.020,0.389,0.999,0.653,0.882,2.887,5.496,0.572,0.147,0.001,0.000,0.000,0.000,2.763,0.000,0.000,0.000,24.230,0.009,0.536,8.387,0.502,0.076,6.125,13.354,0.041,0.000
Colorectal-GC121330,5.547,4.699,2.320,0.923,0.537,1.607,2.396,0.093,11.436,1.300,3.211,0.378,0.046,0.322,0.010,0.021,0.021,0.042,0.062,0.102,0.172,0.119,0.103,0.000,0.000,2.221,1.856,0.000,0.000,0.000,0.001,0.005,0.228,1.737,3.931,46.797,0.000,0.175,0.006,0.607,6.967
Colorectal-GC1003994,1.287,16.664,0.280,0.118,1.821,0.042,1.263,2.441,12.018,10.219,0.187,0.305,0.595,0.025,0.138,0.024,0.510,0.059,2.226,0.762,1.154,0.094,0.046,0.000,0.151,0.000,0.000,0.000,0.238,0.696,0.003,0.000,0.122,0.528,27.226,0.386,11.861,0.013,3.438,0.194,2.866
Colorectal-GC1003995,0.045,0.004,3.902,0.567,0.443,1.256,5.678,1.643,0.194,4.738,0.567,1.544,0.021,1.532,0.109,0.007,0.283,0.320,0.098,2.623,0.236,0.082,2.642,2.673,2.079,0.001,0.037,0.000,0.063,11.338,10.531,6.529,0.005,0.584,4.300,7.289,1.158,5.829,2.326,8.575,8.147
Colorectal-GC1003996,1.555,5.590,2.878,4.985,6.766,2.085,9.446,9.182,0.421,6.797,2.261,0.661,0.161,1.702,0.895,0.037,0.152,0.254,0.024,1.987,2.332,0.225,1.264,0.001,0.435,0.000,1.021,0.193,0.441,2.690,0.019,1.942,2.976,2.845,1.240,0.035,0.038,12.015,2.109,0.150,10.189
Colorectal-GC1003997,6.610,0.081,3.885,1.578,1.100,7.458,5.432,2.228,1.982,0.431,4.432,1.221,0.002,0.813,0.001,0.014,0.032,0.037,0.001,0.045,0.000,0.017,0.342,0.010,0.093,0.001,0.034,0.001,0.009,0.337,0.000,0.000,9.813,0.015,3.646,0.006,4.560,29.748,6.950,0.033,7.000
Colorectal-GC1003998,2.264,2.969,0.435,0.080,0.167,5.389,2.561,0.361,7.613,2.846,10.593,1.992,3.724,2.055,0.213,0.120,0.696,0.806,3.263,0.522,0.160,0.599,0.185,0.000,0.000,0.000,0.000,0.000,1.617,0.408,0.303,3.816,1.963,0.096,11.602,0.846,1.220,18.389,4.992,0.225,4.910
Colorectal-GC1003999,12.361,1.131,2.401,2.126,0.635,3.064,0.013,0.531,3.887,0.537,0.153,0.137,0.016,2.368,0.473,0.181,1.372,1.552,0.100,0.034,0.115,0.014,0.226,0.000,0.010,0.226,0.324,0.000,0.000,0.000,0.000,0.073,1.594,0.839,5.287,33.657,0.001,13.988,0.143,2.011,8.417
Colorectal-GC1004000,0.681,0.926,0.370,1.086,0.099,6.337,1.245,0.115,0.572,0.090,0.010,0.738,0.823,0.112,0.122,0.199,0.764,0.013,5.695,1.204,0.017,0.013,0.034,0.000,0.000,0.077,0.000,0.199,3.895,0.520,2.714,45.236,0.002,0.073,0.055,7.992,0.801,0.028,0.625,0.892,15.624
Colorectal-GC1004001,6.037,0.419,6.132,5.988,2.374,4.308,0.510,4.623,7.307,2.420,4.982,1.849,0.171,2.470,0.113,0.462,0.094,0.056,0.577,0.843,0.069,0.021,0.004,0.000,0.159,0.000,0.000,0.002,0.306,0.003,0.257,0.734,0.014,0.025,6.904,0.000,5.314,18.961,5.103,0.174,10.216
Colorectal-GC1004002,2.857,1.822,5.872,5.577,0.959,4.452,0.242,0.140,4.737,1.025,6.087,1.469,4.496,1.058,0.076,0.243,0.195,0.138,0.024,0.020,0.166,0.023,0.016,1.046,0.173,1.064,0.000,0.635,0.001,1.342,0.000,0.000,1.570,0.005,12.243,0.002,3.448,27.944,1.623,0.615,6.593
Colorectal-GC1004003,9.483,2.665,5.919,3.975,1.807,2.363,0.197,0.588,0.114,0.865,5.919,1.425,0.009,0.010,0.228,0.649,0.503,1.749,0.042,2.309,0.000,0.003,0.011,0.002,0.387,0.073,0.189,0.000,0.000,0.000,0.003,5.456,15.670,0.957,5.066,12.158,0.041,9.601,0.107,0.352,9.104
Colorectal-GC137538,0.104,4.602,0.017,0.074,0.230,0.289,1.097,2.876,0.005,19.960,0.867,0.773,7.029,1.178,3.957,0.158,0.132,2.375,3.933,7.513,2.680,0.199,0.087,0.075,1.790,0.972,0.000,0.000,1.810,0.001,0.000,2.360,2.696,5.107,0.066,0.938,0.010,0.294,0.331,0.016,23.400
Colorectal-GC137539,3.202,3.263,0.352,1.357,0.224,0.346,0.065,0.017,25.970,11.806,6.243,1.981,1.488,0.394,0.000,0.278,0.242,0.130,2.984,1.457,0.258,1.460,0.595,0.000,0.005,0.136,0.015,0.000,0.000,0.001,1.098,0.018,2.371,0.192,2.279,11.890,3.112,1.660,5.231,1.694,6.185
Colorectal-GC137540,5.102,10.187,0.454,0.251,0.847,0.057,10.573,3.840,0.735,11.775,2.771,0.205,0.729,0.440,1.875,0.518,0.558,0.376,0.060,2.326,0.038,0.010,0.003,0.000,0.000,0.000,0.000,0.000,0.000,0.000,0.000,0.000,1.712,0.000,22.603,0.020,5.460,2.778,0.811,0.072,12.814
Colorectal-GC137541,5.120,4.057,1.926,6.277,3.594,5.713,0.461,2.398,1.944,1.134,5.890,4.747,2.035,1.731,0.135,0.261,0.541,1.054,0.253,0.549,0.015,0.460,4.015,0.000,0.014,0.001,0.002,0.000,0.000,0.000,0.000,2.539,1.195,0.979,14.162,5.518,1.783,5.644,2.704,0.077,11.073
Colorectal-GC137542,4.699,10.670,1.138,0.452,1.107,0.213,8.019,16.587,0.080,2.162,4.044,0.681,1.053,2.873,1.356,0.118,0.027,0.014,0.316,2.778,0.399,0.268,0.067,0.000,0.000,0.000,0.000,0.000,0.000,0.727,0.028,0.000,0.240,0.372,2.645,0.031,1.227,19.297,4.342,0.061,11.911
Colorectal-GC137543,0.858,1.232,0.058,0.714,2.985,1.961,1.000,0.383,4.038,3.145,1.711,4.602,0.284,0.223,0.093,0.069,0.177,0.336,0.126,0.011,0.475,0.426,1.353,0.000,0.005,0.000,0.000,0.000,0.002,0.563,0.002,2.058,4.334,0.473,14.888,0.563,10.123,2.518,24.853,0.294,13.065
Colorectal-GC137544,1.609,9.984,2.970,1.549,3.007,10.492,0.334,1.953,1.495,0.671,9.185,2.004,0.717,0.935,0.020,0.054,0.050,0.158,2.247,0.939,0.056,0.008,0.479,0.000,0.001,0.000,0.000,0.000,0.123,0.000,0.000,0.011,0.043,0.212,8.334,0.013,4.320,21.411,0.019,2.432,12.166
Colorectal-GC137545,0.093,6.020,7.044,2.076,1.222,0.698,0.216,1.592,0.328,8.295,0.583,2.073,2.749,0.908,0.034,0.096,0.358,0.182,0.003,0.037,0.010,2.614,1.203,0.000,0.000,0.000,0.000,0.000,0.000,0.000,0.000,0.000,2.078,0.000,11.811,0.823,0.911,33.386,7.064,0.100,5.394
Colorectal-GC137546,4.818,0.123,2.162,6.211,2.780,7.045,3.532,0.743,6.361,1.561,11.337,0.043,1.485,0.802,0.177,0.027,0.050,0.136,0.598,0.270,0.366,0.570,0.149,0.000,0.000,0.000,0.000,0.000,0.001,0.000,0.157,0.013,0.418,0.188,9.427,1.939,2.588,11.005,14.511,0.109,8.299
Colorectal-GC137547,7.740,5.658,0.676,0.249,2.057,0.239,7.181,5.492,0.024,1.658,10.578,5.938,1.096,1.878,1.813,0.210,0.043,0.017,0.005,0.998,0.310,0.014,0.022,0.678,0.000,0.001,0.735,0.000,0.000,0.000,0.029,0.334,2.409,0.424,8.055,1.091,13.280,3.617,0.197,1.687,13.569
Colorectal-GC137548,0.369,0.271,2.704,2.772,0.258,2.972,1.943,5.638,27.850,0.228,3.387,1.348,2.063,4.441,0.069,0.095,0.050,0.308,0.124,0.187,0.054,0.036,0.047,0.002,0.003,0.001,0.009,0.017,0.001,0.000,0.000,0.822,1.204,2.254,15.192,0.023,0.000,8.621,0.984,0.070,13.581
Colorectal-GC137549,1.718,13.081,2.438,1.537,2.378,1.392,8.719,1.554,1.191,7.204,0.385,0.871,0.377,4.872,1.368,0.094,0.042,0.215,0.059,4.029,0.718,0.123,1.487,0.000,0.367,0.000,0.000,0.000,0.001,0.000,0.000,16.801,0.674,0.005,12.311,2.944,0.493,0.197,0.557,0.017,9.781
Colorectal-GC137550,3.102,2.617,19.895,0.574,0.272,1.300,0.163,1.020,5.535,0.307,3.288,1.004,1.064,3.817,0.253,0.479,1.647,1.309,1.664,0.217,0.070,1.305,5.943,0.022,1.304,0.059,1.157,0.000,0.084,0.001,0.835,0.461,0.125,1.580,0.092,0.084,0.323,7.466,11.561,0.010,17.992
Colorectal-GC137551,0.456,0.162,0.212,1.491,11.318,1.476,8.892,3.681,0.694,7.483,8.979,12.215,0.039,2.753,0.680,0.125,0.038,0.015,0.132,0.488,7.512,0.074,0.076,0.000,0.604,0.003,0.000,0.115,0.327,0.000,0.024,1.023,0.001,1.829,0.658,0.003,0.893,0.033,0.071,0.000,25.425
Colorectal-GC137552,2.282,5.521,1.865,0.638,3.255,0.966,1.909,4.777,0.520,16.240,2.023,0.316,0.330,2.466,0.677,0.045,0.044,0.017,0.021,0.145,0.230,0.713,0.045,0.000,0.000,0.000,0.000,0.285,0.098,0.104,1.079,0.060,0.606,0.707,13.104,0.001,8.787,6.882,2.849,0.043,20.350
Colorectal-GC137553,1.037,3.351,0.410,0.115,0.524,0.048,0.009,0.046,0.060,0.330,0.262,11.324,1.794,0.961,0.193,0.641,0.891,2.428,4.281,0.617,12.922,10.283,0.658,0.000,1.671,0.000,0.000,0.000,0.002,0.002,1.278,0.000,1.918,0.964,11.033,0.424,0.337,1.922,4.804,2.206,20.253
Colorectal-GC137554,3.843,3.794,0.252,5.368,0.139,1.353,0.487,0.476,4.117,3.370,0.557,5.939,1.826,1.919,0.425,0.037,0.024,0.118,2.213,0.904,0.800,2.445,1.343,0.000,0.000,1.948,0.257,0.000,0.000,0.002,1.988,0.018,0.488,0.527,17.982,15.725,0.008,5.508,2.801,0.074,10.928
Colorectal-GC137555,3.380,1.150,3.718,1.003,2.955,7.298,1.099,0.311,0.791,6.572,8.275,1.441,4.219,0.223,0.127,0.948,0.806,0.063,2.297,0.044,0.285,0.447,0.507,0.000,0.005,0.000,0.000,0.000,0.004,0.000,0.000,0.148,0.369,0.048,6.334,0.000,1.158,14.118,11.817,0.002,18.040
Colorectal-GC137556,0.994,4.952,0.688,0.604,8.869,0.919,9.460,4.960,0.928,6.905,1.719,2.036,1.534,0.467,2.996,0.573,0.012,1.092,0.044,0.745,0.722,0.087,0.074,0.000,0.151,0.005,0.312,0.000,0.000,0.000,0.014,0.758,0.233,0.415,19.696,0.118,0.120,7.669,6.463,0.036,12.631
Colorectal-GC137557,2.657,3.294,9.205,5.618,2.880,4.445,5.767,3.970,10.953,1.423,5.996,3.444,0.642,0.556,0.024,0.040,0.003,0.049,0.330,2.013,0.005,0.003,0.000,0.000,0.000,0.000,0.000,0.000,0.002,0.669,0.003,0.000,0.141,0.000,25.466,0.000,0.001,4.611,0.748,0.001,5.039
Cervical-GC1002983,2.138,2.387,8.812,0.696,2.838,9.588,1.420,1.070,8.441,0.004,0.863,14.432,0.861,2.959,0.806,0.733,0.576,1.043,0.638,1.268,0.431,1.204,2.520,0.008,0.002,0.106,0.004,0.019,0.000,0.000,0.000,0.027,0.215,6.698,0.645,8.652,0.007,0.456,0.201,0.551,16.679
Cervical-GC1002984,5.995,3.444,3.249,2.302,1.452,1.021,0.273,1.609,6.484,11.123,2.205,6.973,1.282,1.411,0.083,0.400,0.086,0.437,0.054,0.104,0.005,0.042,0.101,0.000,0.001,0.244,0.003,0.000,0.000,0.000,0.104,0.000,20.213,0.188,2.984,0.639,4.642,2.807,3.269,0.029,14.739
Cervical-GC114187,5.733,1.276,3.699,4.953,1.050,1.510,0.088,0.547,0.094,2.948,4.619,6.102,1.114,2.274,0.408,1.404,0.041,3.638,1.690,0.940,1.223,1.733,0.849,0.000,0.000,0.000,0.003,0.000,0.000,0.000,0.590,0.000,3.634,4.908,10.201,0.018,0.020,10.905,0.849,0.012,20.923
Cervical-GC114188,3.442,2.065,7.561,3.575,0.555,1.429,0.521,1.452,7.163,3.984,3.269,3.218,0.158,3.103,0.868,0.610,0.116,2.708,0.244,0.602,0.113,0.188,1.727,0.001,0.003,0.006,2.201,0.000,0.002,0.321,0.006,0.761,8.239,0.100,15.986,0.963,0.011,9.814,1.646,0.322,10.945
Control-GC1003986,0.838,0.283,8.972,4.148,13.749,4.963,0.770,4.208,4.037,1.250,7.842,2.273,0.811,3.331,0.177,1.806,1.058,0.761,3.062,0.954,0.029,0.538,2.862,0.000,0.012,0.000,0.004,0.000,0.000,0.000,1.441,0.417,2.161,3.585,4.372,0.127,3.193,0.253,0.994,0.018,14.702
Control-GC1003988,3.875,5.581,5.563,4.499,3.021,6.267,0.859,0.572,3.314,9.016,3.074,0.367,2.410,0.048,0.039,0.093,0.760,0.329,1.481,0.090,0.001,0.023,0.077,0.000,0.000,0.000,0.000,0.000,0.000,0.237,0.415,0.002,0.588,0.001,13.322,2.410,5.754,6.076,1.533,2.142,16.162
Control-GC110675,1.247,5.771,13.700,8.945,3.586,3.983,2.518,12.056,8.977,8.262,0.473,0.352,0.166,0.521,0.098,0.278,0.143,0.252,2.278,0.007,0.577,0.399,1.099,0.014,0.000,0.000,0.000,0.000,0.137,0.167,0.262,0.002,1.228,0.720,8.431,0.124,0.005,0.010,0.157,0.001,13.054
Control-GC112864,0.514,0.147,15.696,2.377,3.833,5.323,1.575,2.717,0.578,3.696,1.002,0.927,0.735,0.618,0.225,0.171,0.260,0.115,2.310,0.227,2.090,0.532,0.116,0.000,1.270,0.351,0.009,0.000,0.002,0.016,0.000,0.000,12.476,0.871,23.684,0.001,0.033,0.990,0.029,0.014,14.469
Control-GC112894,0.833,4.310,3.720,1.041,1.377,3.065,0.490,0.526,6.733,1.409,1.833,1.952,0.989,2.023,0.010,0.164,0.710,0.032,2.310,0.628,1.193,1.029,3.156,0.105,0.000,1.352,0.103,0.025,0.107,0.742,0.008,1.063,8.327,0.595,0.645,19.775,6.294,0.002,0.014,1.923,19.391
Control-GC112895,3.337,3.538,0.255,0.857,1.682,1.438,12.575,0.119,2.601,9.952,0.019,1.796,0.761,1.188,1.882,0.041,0.069,0.042,1.616,1.535,1.029,8.494,0.381,0.000,0.000,0.005,0.012,0.000,0.044,0.000,0.241,0.637,5.657,3.122,4.387,10.626,0.748,1.495,0.092,0.081,17.646
Control-GC112897,0.368,6.764,21.380,1.440,0.968,3.390,0.093,2.266,0.569,5.206,0.678,1.327,0.987,1.167,0.047,0.298,0.238,0.064,0.704,0.183,0.301,6.049,0.788,0.000,0.002,0.141,0.000,1.476,0.007,0.000,0.319,0.000,0.385,2.154,7.959,8.099,4.550,0.563,0.326,0.254,18.490
Control-GC119350,6.801,2.288,1.414,1.431,0.358,0.171,0.418,0.410,1.941,0.868,2.351,5.238,0.138,0.982,2.555,0.309,0.095,2.433,0.223,0.284,0.274,0.052,1.628,0.000,0.000,0.000,0.000,0.000,0.000,0.000,0.000,0.006,29.698,0.002,5.642,0.000,0.010,0.546,0.054,0.043,31.337
Control-GC119351,1.945,10.080,1.369,4.863,21.430,3.288,5.564,0.394,1.899,4.179,0.375,0.942,0.047,2.310,0.523,0.106,0.175,0.070,0.030,1.325,1.201,0.167,0.351,0.000,0.000,0.000,0.001,0.000,0.001,0.008,0.044,0.937,0.759,0.994,11.032,2.292,0.023,2.223,1.821,2.043,15.193
Control-GC119352,1.547,1.423,2.338,6.052,0.910,4.040,0.576,0.474,1.292,0.137,0.752,6.111,0.073,0.047,0.011,0.006,0.028,0.025,0.185,0.439,0.000,0.014,0.003,0.000,0.000,0.000,0.000,0.000,0.000,0.000,0.000,0.000,50.437,0.000,1.114,0.173,2.745,0.526,0.450,0.377,17.693
Control-GC119353,4.817,1.487,1.889,0.710,0.224,1.312,0.144,0.318,2.461,10.396,0.196,4.110,1.427,0.038,0.153,1.181,0.080,0.102,1.891,0.725,0.065,0.533,0.174,0.000,0.080,0.001,0.324,0.000,0.000,0.000,0.103,1.981,35.985,6.588,1.411,0.322,0.010,0.072,0.000,1.206,17.482
Control-GC119354,6.509,1.629,3.454,0.111,0.565,3.349,0.311,1.681,2.525,1.672,2.882,4.200,2.760,0.572,0.112,0.562,0.076,0.859,1.556,1.487,0.688,0.186,1.131,0.000,0.000,0.037,0.000,0.000,1.119,0.000,0.001,0.000,14.607,1.218,9.100,0.204,0.020,19.854,2.227,1.252,11.483
Control-GC119356,1.420,9.795,2.978,0.487,10.279,1.411,7.073,17.536,0.073,3.480,1.838,1.179,0.915,0.829,1.138,0.079,1.276,0.414,0.058,0.378,0.873,0.371,0.609,0.000,0.133,0.004,0.822,0.000,0.203,0.036,0.049,0.836,2.303,0.068,5.687,0.068,10.146,0.365,0.032,0.323,14.438
Control-GRP-GC114128,4.750,4.986,2.041,1.337,0.520,1.100,0.795,0.771,1.677,1.440,3.538,4.319,1.714,1.214,0.010,0.016,0.198,1.934,1.122,0.008,4.324,0.838,0.220,0.000,0.000,0.000,0.000,0.000,0.007,0.138,0.000,0.000,0.171,0.038,11.125,0.000,12.143,16.486,0.012,0.003,21.004
Control-GRP-GC114130,3.234,1.722,0.819,2.920,0.335,3.562,4.116,0.514,5.349,1.246,7.912,3.821,0.313,1.354,0.561,0.198,0.404,0.180,0.146,0.064,0.001,0.004,0.007,0.000,0.201,0.000,0.000,0.000,0.000,0.000,0.000,0.163,6.498,0.000,2.372,0.543,20.752,23.970,3.495,2.383,0.841
Control-GRP-GC114131,0.999,1.724,10.095,0.242,0.581,4.501,0.054,1.058,2.485,0.976,4.302,0.566,0.914,0.209,0.045,0.429,0.012,0.036,1.070,3.513,0.003,0.052,0.263,0.002,0.000,0.000,0.000,0.000,0.004,0.742,0.335,0.000,1.261,0.082,14.415,0.013,0.599,22.768,5.720,1.339,18.592
Control-GRP-GC114132,4.299,3.755,0.294,0.431,0.442,0.353,21.188,5.108,1.105,9.104,2.625,1.721,3.812,0.158,0.770,0.198,0.468,2.247,0.130,0.408,0.049,0.002,0.320,0.000,0.020,0.000,0.000,0.000,0.000,0.000,0.000,2.329,6.219,0.066,5.382,3.853,0.479,1.739,18.781,2.145,0.000
Control-GRP-GC114133,1.381,1.033,0.090,0.036,5.702,0.028,9.459,1.180,0.007,6.968,3.433,6.942,0.261,2.095,1.572,0.193,0.045,0.173,0.057,2.621,3.399,0.235,0.651,0.000,0.001,0.000,0.218,0.000,0.002,0.002,0.000,0.927,5.164,0.103,5.841,0.002,23.152,1.536,0.807,0.119,14.566
Control-GRP-GC114134,4.492,3.274,4.011,2.953,1.488,2.929,4.340,0.350,3.801,1.504,11.848,0.467,3.245,0.435,0.073,1.704,0.679,0.838,0.524,0.108,0.000,0.001,0.004,0.000,0.000,0.000,0.000,0.000,0.000,0.000,0.049,0.000,2.510,0.000,15.825,0.002,6.284,19.374,2.618,0.044,4.223
Control-GRP-GC114136,3.713,0.177,6.299,6.635,3.770,14.074,0.462,1.913,2.663,0.236,5.715,0.395,1.559,1.166,0.003,0.035,0.058,0.112,0.226,0.509,0.034,0.002,0.145,0.000,0.042,0.034,0.002,0.000,1.342,0.005,0.000,0.195,1.812,0.720,0.432,4.001,10.964,15.258,4.655,1.062,9.575
Control-GRP-GC114137,6.557,3.035,3.245,6.572,3.376,6.738,4.396,0.057,7.024,4.103,1.440,0.769,0.648,0.282,0.042,0.043,0.514,0.091,0.087,0.500,0.008,0.025,0.357,0.000,0.001,0.000,0.000,0.000,0.000,0.000,0.000,0.000,3.317,0.131,3.689,0.073,4.325,24.222,7.490,2.369,4.473
Control-GRP-GC114139,0.927,7.600,0.384,0.054,19.116,0.020,0.749,3.380,0.133,2.442,1.859,1.981,0.312,2.761,4.048,0.216,0.078,0.052,0.005,0.032,0.719,0.566,0.029,0.000,0.000,0.000,0.000,0.000,0.000,0.000,0.000,0.000,0.432,0.026,8.034,0.005,14.021,3.897,8.182,1.803,16.138
Control-GRP-GC114140,1.274,0.034,0.743,5.283,10.906,4.139,1.683,2.863,13.483,3.416,1.723,2.825,1.372,1.655,0.115,0.223,0.042,0.027,3.998,0.109,0.017,3.849,0.344,1.207,0.000,0.001,0.028,0.000,0.000,0.000,0.000,0.002,1.173,6.438,2.836,0.097,1.389,0.082,0.648,0.222,25.755
Control-GRP-GC114141,7.429,0.792,0.196,0.874,17.761,3.300,3.591,3.535,1.005,1.103,3.136,4.163,0.618,0.709,0.884,0.249,0.247,0.376,0.035,6.131,0.909,0.025,0.484,0.000,0.006,0.029,0.123,0.000,0.000,0.000,0.763,0.001,3.013,0.416,1.267,20.001,0.642,4.143,5.969,0.385,5.687
Control-GRP-GC114142,3.999,0.075,6.472,4.264,1.780,12.551,6.244,1.037,3.272,0.017,7.344,4.705,0.594,1.750,0.115,0.268,0.307,0.631,0.200,0.062,0.164,0.208,0.850,0.000,0.000,0.000,0.005,0.000,0.000,0.000,0.122,0.730,1.590,0.306,6.565,1.115,2.968,8.249,13.182,0.364,7.895
Control-GRP-GC114183,6.179,0.581,3.794,7.762,4.123,3.255,2.361,1.519,17.256,1.399,4.963,2.590,1.193,0.462,0.119,0.089,0.132,3.073,0.391,0.112,0.165,0.059,0.258,0.000,0.000,0.000,0.000,0.000,0.000,0.000,0.685,0.000,1.908,0.005,9.569,0.119,1.542,19.678,3.316,0.002,1.340
Control-GRP-GC114185,0.009,0.022,1.687,0.945,9.862,7.016,0.125,1.123,7.534,6.816,4.344,1.879,0.102,0.510,0.008,0.696,3.771,0.039,0.641,0.235,0.108,0.255,1.220,0.000,0.000,0.000,0.000,0.000,0.014,0.019,0.735,0.000,0.190,1.383,1.297,0.042,15.410,0.335,0.519,5.600,25.511
Control-GRP-GC114186,2.062,0.727,6.222,1.695,5.689,10.163,0.448,0.770,3.189,2.599,1.516,5.611,0.302,1.351,0.008,0.726,0.058,0.171,0.416,0.491,0.306,0.406,0.539,0.000,0.000,0.000,0.000,0.000,0.002,0.076,0.001,0.003,0.126,0.002,16.547,0.418,9.808,6.456,10.053,0.154,10.889
Control-GRP-GC118464,3.285,2.152,1.914,11.799,1.845,8.023,1.650,0.598,2.916,2.154,1.467,7.962,2.372,0.723,0.388,0.000,0.300,5.227,0.095,0.195,0.001,0.000,0.014,0.002,0.000,0.004,0.100,0.000,0.000,0.000,0.007,0.505,1.486,0.034,6.067,8.715,0.544,8.507,11.454,0.462,7.034
Control-GRP-GC118466,6.674,1.349,3.330,2.348,2.649,4.637,1.046,0.811,1.627,1.504,10.162,2.659,1.346,0.819,0.099,0.241,0.785,1.579,0.576,0.655,0.013,0.641,1.153,0.000,0.003,0.000,0.000,0.000,0.000,0.000,0.000,0.000,0.106,0.123,7.827,0.596,0.524,25.848,1.119,9.129,8.020
Control-GRP-GC118474,2.811,0.412,0.239,1.835,1.857,6.650,2.851,2.412,8.578,4.915,7.790,2.555,2.498,0.597,0.105,0.224,0.126,0.387,0.193,1.047,0.000,0.002,0.020,0.000,0.000,0.000,0.000,0.000,0.000,0.000,0.000,0.000,6.151,0.224,5.568,0.163,7.926,18.627,8.754,0.368,4.115
Control-GRP-GC118476,8.417,0.975,3.988,3.330,0.175,0.674,3.480,3.363,1.736,0.789,5.673,2.591,0.321,0.828,0.139,0.050,0.146,0.333,0.036,0.011,0.000,0.000,0.001,0.000,0.000,0.001,0.029,0.000,0.000,0.000,0.000,0.000,3.070,0.000,18.908,2.798,17.460,7.333,4.076,2.193,7.075
Control-GRP-GC118478,0.678,3.251,0.332,0.098,1.583,0.144,19.664,0.882,0.007,3.588,5.916,0.233,0.402,1.576,0.425,0.062,0.014,0.080,0.081,2.060,1.159,0.605,0.077,0.000,0.000,0.000,0.000,0.000,0.000,0.000,0.222,1.000,30.090,0.001,0.087,0.000,2.618,8.842,1.091,0.035,13.096
Control-GRP-GC118484,3.912,0.617,17.022,6.347,6.075,3.657,0.516,2.055,1.985,1.828,8.321,1.471,0.681,0.376,0.078,0.016,0.023,0.096,0.275,0.622,0.005,0.100,1.866,0.000,0.000,0.000,0.000,0.000,0.000,0.148,0.004,0.007,0.998,0.006,6.473,2.461,2.120,26.119,0.366,0.010,3.343
Control-GRP-GC118485,3.241,2.454,14.083,4.576,1.029,1.408,0.581,0.141,4.042,3.879,4.173,4.509,0.799,2.455,0.039,0.580,0.165,0.971,0.008,0.008,0.003,0.092,0.092,0.000,0.050,0.000,0.000,0.000,0.000,0.102,0.001,0.000,5.530,0.016,7.164,0.124,0.388,30.099,2.980,0.018,4.200
Control-GRP-GC118486,1.642,1.687,6.267,8.129,10.973,2.326,10.141,6.460,10.092,1.124,8.370,1.002,0.211,0.547,0.596,0.024,0.015,0.262,0.002,0.045,0.262,0.128,1.170,0.000,0.000,0.000,0.000,0.000,0.000,0.000,0.000,0.001,0.770,0.007,2.485,0.888,0.271,7.052,13.414,0.045,3.593
Control-GRP-GC118489,0.824,0.658,8.491,4.601,4.381,3.276,8.140,6.444,3.884,8.999,6.220,1.150,0.456,1.990,0.489,0.166,1.232,0.207,0.206,0.312,0.098,0.419,0.888,0.000,0.000,0.000,0.001,0.000,0.000,0.000,0.000,0.064,2.065,0.398,7.312,4.235,1.988,0.220,14.164,0.116,5.905
Control-GRP-GC118490,1.084,1.132,4.596,8.564,1.671,3.550,0.155,0.254,4.177,5.019,4.843,3.638,0.782,0.242,0.251,0.120,1.440,0.702,2.917,0.537,0.180,0.030,2.509,0.000,0.000,0.001,0.000,0.000,0.062,0.000,0.171,1.020,22.044,1.307,1.119,1.559,5.571,4.066,1.260,1.563,11.863
Control-GRP-GC118491,0.667,13.037,0.313,0.672,7.702,0.916,4.640,4.106,0.832,6.385,3.548,0.882,0.645,1.015,0.047,0.699,1.484,0.748,1.250,0.357,0.149,0.208,0.035,0.000,0.000,0.000,0.000,0.000,0.000,0.000,0.000,0.006,0.402,0.008,3.452,0.046,36.104,3.363,0.536,0.423,5.323
Control-GRP-GC118494,1.652,0.825,0.036,1.345,0.943,1.608,1.588,1.682,18.128,4.774,7.369,4.485,0.337,0.334,0.197,0.098,0.185,0.281,0.066,0.011,0.313,0.035,3.084,0.000,0.276,0.040,0.939,0.000,0.006,0.002,0.003,0.027,7.530,0.211,16.789,1.095,0.306,11.929,2.382,0.942,8.147
Control-GRP-GC118496,0.852,0.463,0.544,6.177,4.161,2.988,30.601,7.604,8.407,0.925,0.566,2.539,0.274,0.113,0.087,0.007,0.001,0.003,0.050,0.005,0.211,0.001,0.046,0.000,0.003,0.000,0.000,0.000,0.010,0.000,0.493,0.282,0.251,3.351,14.364,2.218,7.056,0.584,1.560,0.246,2.955
Control-GRP-GC118497,3.317,2.571,2.357,0.745,12.233,4.944,3.170,0.790,7.494,0.076,5.170,1.692,1.539,1.042,0.017,0.088,1.213,0.045,0.014,0.012,0.290,0.454,0.665,0.000,0.000,0.000,0.000,0.000,0.000,0.000,0.000,0.000,2.586,0.040,1.715,0.000,12.819,22.285,4.539,0.362,5.716
Control-GRP-GC118499,0.633,1.196,0.834,3.675,7.903,0.211,17.883,6.218,6.105,8.392,0.008,0.523,0.810,0.192,0.712,0.148,0.163,0.303,0.224,1.183,0.659,0.171,0.177,0.033,0.020,0.006,0.000,0.012,0.002,0.000,0.000,0.043,0.272,0.188,17.385,2.570,2.586,6.556,7.321,0.945,3.740
Control-GRP-GC119340,4.058,0.987,0.013,5.444,1.534,3.319,3.627,0.078,6.011,1.198,4.259,8.448,0.111,1.958,0.485,0.467,0.849,0.387,0.056,0.048,0.164,0.034,0.870,0.000,0.022,0.006,0.189,0.000,0.000,0.000,0.000,0.008,5.657,1.538,2.265,1.127,0.113,40.090,0.385,1.512,2.683
Control-GRP-GC119343,6.985,1.019,5.142,0.068,0.257,1.021,0.609,0.138,0.191,0.747,9.054,0.654,0.070,1.367,0.085,0.475,0.282,1.294,0.173,0.051,0.001,0.004,0.049,0.000,0.000,0.000,0.000,0.000,0.000,0.000,0.000,0.000,1.610,0.000,6.783,0.000,0.156,54.341,1.243,0.008,6.124
Control-GRP-GC119367,0.639,6.005,0.589,2.835,0.161,3.712,1.250,0.009,6.629,2.553,7.486,4.374,1.052,0.918,0.019,0.023,0.106,0.132,0.018,0.343,0.003,0.040,0.548,0.000,0.000,0.000,0.000,0.000,0.000,0.000,0.216,0.006,24.428,0.173,8.271,1.951,4.077,0.416,11.558,0.164,9.296
Control-GRP-GC119369,4.745,1.397,6.816,15.066,2.094,5.170,7.518,0.528,4.215,2.546,2.965,2.990,0.477,0.589,0.060,0.199,0.255,0.046,0.056,0.446,0.000,0.000,0.000,0.000,0.000,0.000,0.000,0.000,0.000,0.000,0.000,0.000,21.203,0.000,3.003,0.077,2.998,2.475,8.729,0.008,3.328
Control-GRP-GC119370,0.833,2.052,15.211,2.032,0.493,6.902,0.131,1.651,1.488,4.783,13.510,1.222,2.159,0.701,0.014,0.036,0.069,0.516,0.015,1.051,0.001,0.062,2.025,0.000,0.000,0.000,0.000,0.000,0.000,0.000,0.001,0.018,0.232,0.020,17.216,0.605,0.042,9.789,13.938,0.609,0.574
Control-GRP-GC119374,4.703,0.479,0.526,3.667,3.922,1.800,1.760,1.834,13.581,8.954,3.495,7.034,3.437,1.362,0.189,0.192,0.388,1.219,0.136,0.544,0.139,0.114,0.535,0.000,0.000,0.000,0.000,0.000,0.000,0.000,0.000,0.000,6.782,0.000,13.012,0.420,0.046,2.219,11.697,0.581,5.234
Control-GRP-GC119375,0.628,3.123,0.393,5.252,1.247,0.129,3.350,2.387,0.341,0.351,4.240,6.488,0.618,0.010,0.132,0.080,2.521,0.249,0.110,0.113,0.004,0.050,0.766,0.032,0.000,0.041,0.041,0.000,0.000,0.000,0.014,0.143,45.153,2.067,2.766,3.151,0.213,0.036,3.289,0.095,10.374
Control-GRP-GC119377,1.024,2.141,1.417,8.642,0.278,0.469,1.287,5.309,3.156,1.211,2.255,7.953,0.761,0.786,0.464,1.424,0.862,0.409,0.719,0.399,0.018,0.726,1.292,0.000,0.002,0.000,0.000,0.000,0.000,0.000,0.000,0.095,9.207,0.010,5.144,3.330,3.086,28.242,4.368,0.165,3.350
Control-GRP-GC119383,0.426,0.118,1.645,1.515,3.120,0.241,1.336,1.937,0.901,0.424,8.021,1.281,0.010,0.010,0.031,0.093,0.408,0.397,0.040,0.034,0.000,0.002,0.007,0.000,0.000,0.000,0.000,0.000,0.000,0.000,0.000,0.004,45.826,0.000,0.221,0.027,9.063,1.691,3.806,0.295,17.069
Control-GRP-GC119384,1.272,0.265,3.358,5.014,2.468,2.479,4.140,0.733,5.735,0.617,4.195,6.016,0.603,1.349,0.081,0.223,0.108,0.268,0.019,0.480,0.136,0.019,0.195,0.000,0.000,0.000,0.000,0.000,0.000,0.000,0.001,0.036,34.955,0.008,3.206,0.333,0.689,10.223,1.497,3.235,6.043
Control-GRP-GC119386,0.260,0.041,3.145,0.093,3.974,8.718,3.365,4.540,1.068,3.940,5.425,1.223,0.039,0.009,0.347,0.011,0.848,0.535,0.132,0.042,0.024,0.148,0.072,0.010,1.608,0.000,0.001,0.001,0.000,2.721,0.666,0.011,23.439,0.008,0.093,0.137,16.861,3.280,0.863,3.251,9.051
Control-GRP-GC119388,1.669,6.934,0.033,0.190,3.149,0.543,4.969,12.116,0.457,10.462,2.923,4.174,0.341,3.352,0.153,0.006,0.059,0.394,0.125,0.090,1.925,1.237,0.423,0.000,0.000,0.000,0.022,0.000,0.013,0.370,0.527,0.020,0.844,0.109,1.131,1.377,2.710,12.193,13.160,0.170,11.631
Control-GRP-GC119389,3.819,2.599,1.075,1.528,2.262,16.501,3.198,0.334,1.261,4.237,0.876,1.639,1.846,0.484,0.182,0.189,0.452,0.154,0.155,0.067,0.000,0.000,0.000,0.000,0.000,0.000,0.000,0.000,0.000,0.000,0.000,0.003,2.697,0.040,3.621,0.000,3.318,33.902,13.261,0.243,0.052
Control-GRP-GC119390,4.537,0.984,2.700,0.310,2.436,3.204,1.921,0.389,1.963,0.151,11.672,2.230,0.916,0.667,0.136,0.077,0.133,0.001,0.020,0.010,0.012,0.093,0.233,0.000,0.000,0.000,0.000,0.000,0.002,1.673,0.637,0.000,19.356,0.620,5.593,0.004,15.858,7.315,0.992,1.645,11.510
Control-GRP-GC119391,7.015,0.552,0.870,6.043,0.899,0.833,9.632,0.908,1.882,1.528,2.572,3.194,2.483,2.117,0.163,0.304,1.186,0.078,0.055,0.022,0.008,0.033,0.540,0.000,0.000,0.000,0.000,0.000,0.121,0.105,0.000,0.000,10.911,0.006,5.733,0.255,4.654,30.839,0.691,1.953,1.815
Control-GRP-GC119394,1.909,2.340,1.056,2.010,0.509,6.257,0.868,2.339,4.716,3.401,5.866,1.112,1.012,1.813,0.267,1.628,0.548,0.709,1.347,0.398,0.000,0.006,0.196,0.000,0.000,0.000,0.000,0.000,0.000,0.000,0.000,0.901,0.826,0.177,8.736,0.001,0.049,37.344,4.049,0.004,7.606
Control-GRP-GC119395,7.699,5.848,0.099,0.525,1.672,0.067,6.686,6.074,0.027,9.565,3.675,0.298,0.741,0.409,0.268,0.038,0.070,1.096,0.016,0.337,0.751,0.103,0.249,0.000,0.000,0.015,0.000,0.000,0.001,0.285,0.000,0.000,13.572,0.001,1.291,3.167,0.475,8.999,13.052,0.118,12.713
Control-GRP-GC119397,2.694,1.413,21.102,1.499,2.562,0.125,2.908,1.276,2.668,6.172,3.202,2.456,0.554,1.957,0.005,0.010,0.226,0.258,0.102,0.346,0.016,0.032,0.389,0.000,0.000,0.000,0.000,0.000,0.000,0.000,0.000,0.000,1.228,0.362,4.771,3.333,0.030,17.556,3.400,10.430,6.917
Control-GRP-GC119398,3.315,0.382,1.235,4.828,14.981,5.105,0.529,2.328,15.014,4.871,0.256,2.530,0.859,0.191,0.102,0.057,0.036,0.007,0.006,0.008,0.020,0.057,0.010,0.000,0.000,0.000,0.000,0.000,0.000,0.030,0.017,0.000,0.474,0.613,1.880,0.011,0.521,24.334,2.602,6.827,5.966
Control-GRP-GC119399,0.283,3.277,1.867,5.141,1.590,0.820,5.653,2.803,10.596,8.571,1.027,0.390,0.573,0.629,0.005,0.066,0.036,0.129,0.092,0.368,0.010,0.029,0.273,0.887,0.004,0.011,0.015,0.000,0.000,0.000,0.000,0.000,1.397,0.100,9.741,0.059,1.500,30.005,10.950,0.900,0.203
Control-GRP-GC119400,4.583,1.804,12.894,6.897,1.438,7.115,2.655,6.144,2.273,0.851,6.048,2.426,0.121,0.172,0.062,0.189,0.248,0.678,0.325,0.679,0.003,0.016,0.015,0.000,0.828,0.009,0.001,0.000,0.014,0.003,0.356,0.367,0.746,0.026,1.095,10.901,0.049,20.789,1.437,3.827,1.919
Control-GRP-GC119401,5.958,0.900,2.010,4.803,0.805,5.072,2.212,0.428,5.823,3.288,3.877,3.902,1.012,0.068,0.305,0.072,1.729,0.032,0.316,0.052,0.003,0.194,0.111,0.000,0.000,0.000,0.000,0.000,0.000,0.001,0.003,0.002,0.215,0.195,14.158,0.001,23.396,13.855,4.716,0.202,0.285
Control-GRP-GC119402,4.829,0.518,2.979,6.345,0.095,5.186,6.878,0.964,6.031,4.656,3.321,1.747,0.085,1.745,0.163,0.410,0.169,0.948,1.575,0.313,0.073,0.617,2.052,0.000,0.000,0.001,0.201,0.000,0.000,0.000,0.436,1.051,1.427,0.195,7.683,3.973,1.528,20.118,1.961,3.745,5.982
Control-GRP-GC119403,0.232,0.274,7.292,3.807,4.414,6.331,1.012,11.177,3.896,1.969,2.786,2.900,1.155,0.480,0.038,0.080,0.006,0.144,0.243,0.217,0.147,0.023,0.197,0.000,0.000,0.008,0.000,0.001,0.382,0.000,0.000,0.001,0.650,2.047,3.173,1.098,0.719,29.850,8.209,0.867,4.174
Control-GRP-GC119405,0.906,0.725,8.809,3.428,3.050,2.183,1.673,1.063,8.405,0.036,1.363,13.634,1.897,0.523,0.013,0.061,0.475,0.172,0.441,0.275,0.028,0.512,0.351,0.000,0.000,0.000,0.000,0.000,0.010,0.022,0.166,1.896,2.265,0.181,1.665,1.286,9.511,16.711,5.846,2.354,8.064
Control-GRP-GC119410,4.957,0.540,1.481,3.297,1.719,8.502,8.346,2.084,6.231,5.183,0.669,1.029,1.337,0.369,0.347,0.644,0.019,1.492,0.009,0.000,0.029,0.054,0.188,0.000,0.025,0.000,0.000,0.000,0.000,0.000,0.000,0.000,0.288,0.000,2.194,0.000,20.608,22.386,5.485,0.288,0.198
Control-GRP-GC119411,1.845,1.421,1.650,3.541,8.340,3.054,3.115,1.605,6.199,2.357,7.129,1.127,0.771,2.709,0.072,0.096,0.218,0.040,0.059,0.035,0.028,0.042,0.022,0.000,0.000,0.000,0.000,0.000,0.000,0.000,0.000,0.013,2.377,0.019,4.073,5.048,0.168,29.874,0.038,7.566,5.345
Control-GRP-GC119415,4.248,3.604,0.663,0.424,5.874,1.485,13.716,4.504,2.078,13.096,1.646,0.409,1.757,1.567,0.036,0.022,0.009,0.140,0.006,0.094,0.022,0.003,0.088,0.000,0.000,0.000,0.000,0.000,0.000,0.000,0.021,0.272,0.816,0.000,14.703,0.014,0.418,12.567,10.717,0.001,4.980
Control-GRP-GC119416,1.371,1.129,5.746,7.654,1.983,4.250,6.220,0.479,1.346,1.783,2.189,2.008,0.215,1.754,0.539,0.375,0.152,0.494,0.079,0.006,0.269,0.834,0.155,0.000,0.000,0.068,0.004,0.000,0.000,0.000,0.000,0.000,3.823,0.080,10.163,8.845,2.627,22.093,2.434,4.502,4.332
Control-GRP-GC119417,1.210,0.067,1.191,5.806,1.007,2.832,4.600,0.130,12.277,1.864,6.513,3.219,0.008,0.041,0.898,0.215,1.479,1.643,0.079,0.254,0.070,0.132,0.506,0.000,0.316,0.000,0.002,0.000,0.009,0.359,0.084,0.000,0.144,0.004,9.251,3.025,5.977,15.265,10.006,0.135,9.380
Control-GRP-GC119419,0.114,0.534,15.218,10.393,2.095,2.839,1.079,2.148,1.546,2.295,6.859,0.485,0.574,2.359,0.993,0.913,0.018,0.974,1.076,0.313,0.385,0.282,2.345,0.000,1.048,0.000,0.000,0.000,0.083,1.398,0.000,0.000,0.471,0.794,0.885,0.050,0.096,23.759,0.290,3.622,11.667
Control-GRP-GC119420,2.780,1.713,16.191,5.017,3.125,12.450,1.566,2.043,4.653,1.933,3.019,3.047,0.088,0.556,0.263,0.069,0.168,0.545,0.423,0.392,0.000,0.005,0.023,0.000,0.000,0.000,0.000,0.000,0.063,0.000,0.179,0.001,4.255,0.266,11.904,0.087,2.386,12.168,7.003,0.083,1.535
Control-GRP-GC119421,1.285,4.254,0.124,0.406,2.615,1.486,21.170,3.073,0.270,11.540,0.460,0.476,0.081,0.079,0.577,0.518,0.793,0.141,0.530,1.211,3.256,2.558,0.092,0.000,0.000,0.002,0.036,0.574,0.000,0.000,0.097,0.033,0.199,0.268,15.742,6.844,2.556,3.292,2.372,0.894,10.094
Control-GRP-GC119422,5.234,1.477,1.118,3.907,1.986,6.129,3.687,0.018,0.857,0.583,2.859,11.654,0.216,0.289,0.448,0.125,0.667,1.160,0.006,0.031,0.005,0.009,0.171,0.024,0.619,0.002,0.066,0.000,0.000,0.000,0.000,0.000,3.200,0.210,10.810,0.317,4.491,31.574,1.173,0.628,4.251
Control-GRP-GC119426,1.328,0.379,6.440,10.101,4.105,4.326,3.504,3.281,0.714,5.207,7.825,0.006,0.931,2.441,0.021,0.157,0.005,0.344,1.228,1.896,0.218,0.180,0.779,0.492,0.002,0.931,0.147,0.000,1.413,0.056,0.000,0.063,2.226,0.738,11.885,0.008,2.309,18.604,1.836,0.711,3.161
Control-GRP-GC119430,6.501,3.097,0.021,0.169,0.873,0.004,7.016,1.459,0.204,9.499,0.138,0.161,1.337,1.486,0.287,0.015,0.032,0.678,0.737,0.846,1.183,0.206,0.023,0.027,0.042,0.000,0.000,0.294,0.000,0.120,0.054,0.000,1.323,0.001,11.536,0.319,5.149,27.833,9.451,0.090,7.789
Control-GRP-GC121331,3.018,2.826,4.075,1.518,1.802,6.547,1.515,0.816,8.619,0.642,4.301,1.185,0.149,1.540,0.187,3.252,0.234,0.296,0.009,0.012,0.000,0.000,0.000,0.000,0.080,0.019,0.000,0.000,0.107,0.983,0.011,0.000,3.089,0.223,11.252,0.177,1.099,33.969,1.016,0.964,4.469
Control-GRP-GC121332,1.481,3.878,1.829,1.297,12.586,0.212,21.037,7.858,3.946,0.609,0.114,0.287,0.968,0.583,2.472,0.288,0.202,0.163,0.028,0.210,1.317,0.115,1.498,0.000,1.878,0.015,0.003,0.001,0.001,0.521,0.000,0.054,0.196,2.723,12.524,1.806,1.805,2.768,2.302,0.009,10.415
Control-GRP-GC121336,2.120,0.746,0.538,0.332,0.479,0.202,7.388,0.604,1.950,4.425,3.547,0.466,0.367,1.124,0.083,0.300,0.038,0.323,0.181,0.809,0.000,0.000,0.000,0.000,0.000,0.000,0.000,0.000,0.000,0.000,0.000,0.000,1.369,0.000,12.894,0.000,4.964,48.240,1.132,0.000,5.377
Control-GRP-GC121337,4.649,3.466,0.833,5.260,0.168,1.434,0.163,2.521,0.301,0.341,13.487,1.290,0.853,0.342,0.003,0.027,0.001,0.002,0.107,1.878,0.000,0.000,0.017,0.000,0.000,0.000,0.000,0.000,0.000,0.000,0.000,0.000,0.035,0.041,11.082,0.000,9.044,13.218,16.915,0.008,12.515
Control-GRP-GC121338,1.269,8.163,20.025,3.061,0.699,0.048,0.592,0.127,5.847,7.662,2.096,0.402,0.646,1.096,1.167,0.290,2.327,0.226,0.025,0.031,0.000,0.000,0.067,0.000,0.000,0.000,0.000,0.000,0.000,0.000,0.000,0.000,0.723,0.007,6.631,0.086,11.324,11.749,7.023,0.113,6.477
Control-GRP-GC121339,2.027,2.865,4.916,14.862,1.499,1.587,3.147,3.281,12.124,3.189,0.902,1.487,0.121,0.190,0.067,0.780,0.010,0.150,0.067,0.026,0.006,0.005,0.035,0.000,0.002,0.000,0.000,0.000,0.027,0.292,0.000,0.613,0.344,0.028,8.360,0.089,15.799,3.467,4.337,4.073,9.224
Control-GRP-GC121340,0.947,1.977,0.758,7.147,1.366,0.830,4.950,0.433,19.818,4.882,0.602,1.236,0.047,0.033,0.124,0.637,0.167,0.652,0.001,0.054,0.000,0.015,0.023,0.000,0.000,0.000,0.081,0.000,0.016,0.163,0.007,0.001,0.150,0.016,16.808,0.000,0.076,23.465,7.518,0.804,4.195
Control-GRP-GC121341,7.884,0.268,0.436,5.108,0.295,10.568,0.496,0.616,14.163,0.844,6.653,6.611,0.198,0.053,0.002,0.004,0.002,0.073,0.132,0.003,0.269,0.322,1.072,0.000,0.002,0.000,0.000,0.000,0.000,0.001,0.000,0.486,0.513,0.001,0.396,0.141,2.766,11.868,16.282,3.202,8.269
Control-GRP-GC121342,1.089,8.160,0.602,12.272,3.413,7.415,2.779,2.839,5.797,6.730,0.886,1.492,0.228,0.351,0.112,0.358,0.119,0.582,1.957,1.317,0.001,0.001,0.002,0.000,0.000,0.000,0.001,0.000,0.000,0.000,0.000,0.000,0.601,0.056,5.980,9.818,0.138,6.517,2.006,9.511,6.866
Control-GRP-GC121343,2.048,1.695,0.007,0.955,1.720,1.517,7.364,2.153,8.528,0.761,5.522,0.472,1.574,0.951,0.101,1.237,0.158,0.076,0.497,1.365,0.021,0.671,0.666,0.000,0.000,0.000,0.120,0.000,0.000,0.000,0.008,0.283,7.208,0.313,12.317,1.914,5.892,7.867,19.488,0.984,3.548
Control-GRP-GC121346,0.038,3.704,7.672,7.060,3.646,1.742,10.906,10.962,2.726,10.751,1.128,0.160,2.742,1.418,0.047,0.022,0.145,0.103,0.056,0.050,0.768,0.055,0.020,0.000,0.000,0.000,0.000,0.000,0.000,0.104,0.013,0.000,2.610,0.003,6.090,0.116,0.013,8.311,6.584,0.049,10.184
Control-GRP-GC121347,3.539,0.030,1.253,1.131,1.129,9.630,2.794,1.722,9.069,0.142,4.694,3.142,0.369,1.439,0.046,0.012,0.117,0.215,0.036,0.041,0.801,0.020,1.150,0.391,0.003,0.001,0.029,0.059,0.000,0.000,0.000,0.001,13.903,0.482,0.002,14.032,0.767,17.431,8.517,0.187,1.675
Control-GRP-GC121348,4.670,0.045,12.245,12.649,12.672,14.009,0.368,0.570,0.281,0.218,1.644,2.739,1.107,0.028,0.225,0.024,0.054,0.586,0.519,0.054,0.002,0.157,0.499,0.120,0.000,0.000,0.000,0.000,0.056,0.000,0.148,3.169,0.386,0.362,2.859,0.749,2.097,16.280,0.083,0.023,8.300
Control-GRP-GC121349,0.868,0.279,0.307,8.575,3.418,3.182,9.711,0.968,16.480,0.315,3.461,4.048,0.184,0.154,0.358,0.151,0.333,1.556,0.156,0.018,0.009,0.008,0.090,0.000,0.000,0.000,0.000,0.000,0.000,0.048,0.253,0.000,3.253,0.001,2.668,0.000,5.057,30.870,3.101,0.119,0.000
