CHROM	START	END	gDNA-Breast-GC1002316_METH	gDNA-Breast-GC1002316_DEPTH	gDNA-Breast-GC1003962_METH	gDNA-Breast-GC1003962_DEPTH	gDNA-Breast-GC1003963_METH	gDNA-Breast-GC1003963_DEPTH	gDNA-Breast-GC1003965_METH	gDNA-Breast-GC1003965_DEPTH	gDNA-Breast-GC1003966_METH	gDNA-Breast-GC1003966_DEPTH	gDNA-Cervical-GC112877_METH	gDNA-Cervical-GC112877_DEPTH	gDNA-Cervical-GC112878_METH	gDNA-Cervical-GC112878_DEPTH	gDNA-Cervical-GC112880_METH	gDNA-Cervical-GC112880_DEPTH	gDNA-Cervical-GC112881_METH	gDNA-Cervical-GC112881_DEPTH	gDNA-Cervical-GC112882_METH	gDNA-Cervical-GC112882_DEPTH	gDNA-Cervical-GC112883_METH	gDNA-Cervical-GC112883_DEPTH	gDNA-Colorectal-GC112876_METH	gDNA-Colorectal-GC112876_DEPTH	gDNA-Colorectal-GC119345_METH	gDNA-Colorectal-GC119345_DEPTH	gDNA-Colorectal-GC119346_METH	gDNA-Colorectal-GC119346_DEPTH	gDNA-Colorectal-GC119347_METH	gDNA-Colorectal-GC119347_DEPTH	gDNA-Colorectal-GC119348_METH	gDNA-Colorectal-GC119348_DEPTH	gDNA-Colorectal-GC119349_METH	gDNA-Colorectal-GC119349_DEPTH	gDNA-Ovarian-GC112879_METH	gDNA-Ovarian-GC112879_DEPTH	gDNA-Ovarian-GC119433_METH	gDNA-Ovarian-GC119433_DEPTH	gDNA-Ovarian-GC119434_METH	gDNA-Ovarian-GC119434_DEPTH	gDNA-WBC-GC131344_METH	gDNA-WBC-GC131344_DEPTH	gDNA-WBC-GC131345_METH	gDNA-WBC-GC131345_DEPTH	gDNA-WBC-GC131346_METH	gDNA-WBC-GC131346_DEPTH	gDNA-WBC-GC131347_METH	gDNA-WBC-GC131347_DEPTH	gDNA-WBC-GC131348_METH	gDNA-WBC-GC131348_DEPTH	gDNA-WBC-GC131349_METH	gDNA-WBC-GC131349_DEPTH	gDNA-WBC-GC131350_METH	gDNA-WBC-GC131350_DEPTH	gDNA-WBC-GC131351_METH	gDNA-WBC-GC131351_DEPTH	gDNA-WBC-GC131352_METH	gDNA-WBC-GC131352_DEPTH	gDNA-WBC-GC131353_METH	gDNA-WBC-GC131353_DEPTH	gDNA-WBC-GC131354_METH	gDNA-WBC-GC131354_DEPTH	gDNA-WBC-GC131355_METH	gDNA-WBC-GC131355_DEPTH
chr1	27867655	27868168	112	127	48	55	49	57	85	95	75	84	37	42	81	109	94	111	156	167	85	109	25	29	64	85	102	116	131	162	42	63	143	197	261	326	92	130	22	31	34	44	44	47	16	17	47	56	32	32	28	29	26	26	48	53	17	18	60	63	31	34	42	46	23	25
chr10	12605723	12606181	46	227	24	94	12	134	11	102	11	83	8	66	9	129	18	124	10	206	8	192	7	49	20	114	79	284	18	169	27	166	11	257	79	259	11	174	3	24	8	41	7	65	2	39	5	44	5	76	1	36	9	69	1	102	0	50	2	65	0	53	5	40	0	19
chr11	12114559	12114911	76	110	78	94	42	84	77	105	94	118	52	57	115	147	80	91	148	166	107	148	43	65	119	164	119	144	137	173	48	147	182	208	251	337	92	203	15	21	32	62	43	49	41	44	30	37	21	25	35	45	84	102	89	99	43	50	49	57	32	38	64	75	57	65
chr11	57903865	57904238	28	94	8	30	16	68	2	47	15	30	6	16	45	75	21	80	8	130	33	70	36	69	2	33	47	137	27	108	19	92	24	146	113	253	24	83	6	7	18	48	9	39	2	30	10	40	20	31	10	22	17	63	15	54	1	11	4	16	10	36	17	55	14	27
chr11	65428340	65428656	8	41	5	25	0	48	0	19	16	62	0	3	3	31	0	21	10	73	8	31	2	44	15	67	30	94	22	73	16	77	29	100	80	153	5	37	5	11	25	51	5	12	0	6	16	39	6	21	1	13	7	18	1	18	2	10	1	8	12	26	3	23	6	19
chr12	69623881	69624404	227	245	32	36	129	143	75	93	105	117	77	80	76	96	105	115	162	178	89	96	37	73	32	43	198	268	61	169	106	162	224	272	349	386	95	186	11	34	33	37	52	54	74	78	69	71	47	50	29	29	72	85	59	69	47	49	67	74	79	86	45	49	3	4
chr13	112701150	112701661	135	145	72	89	107	125	109	116	45	50	39	41	104	117	164	171	134	138	121	136	50	59	140	145	180	200	122	154	136	156	168	188	371	402	131	159	18	22	21	21	109	112	108	109	13	15	77	79	50	50	69	71	53	56	45	48	80	83	32	35	5	5	14	14
chr14	64442387	64442670	129	155	58	61	110	130	77	84	76	84	41	42	148	166	75	78	72	86	97	103	31	34	57	63	131	145	79	90	112	129	154	184	267	314	61	67	15	19	36	44	79	91	40	45	37	43	22	27	28	30	20	21	61	63	39	49	29	32	24	31	45	55	17	18
chr15	76347664	76348033	59	72	33	35	81	96	25	27	33	36	9	9	38	58	28	37	30	82	51	59	8	11	47	76	57	100	89	123	43	72	109	137	114	201	60	69	26	36	41	44	28	52	32	41	15	31	12	22	26	42	32	47	16	26	15	18	16	20	7	7	25	60	9	18
chr16	383102	383579	47	406	31	265	42	173	7	124	112	226	2	11	65	162	15	138	3	210	20	138	15	81	33	95	38	161	53	189	35	147	7	225	129	357	48	145	13	48	28	60	2	31	0	20	12	108	1	72	2	30	1	46	7	79	3	47	3	56	2	44	2	39	5	41
chr16	68771924	68772664	90	96	43	46	87	93	51	55	57	63	26	29	93	100	72	77	117	121	111	120	30	30	100	118	103	104	88	97	51	61	108	117	238	273	101	123	9	10	42	46	38	40	61	65	36	41	58	60	31	33	39	41	44	46	55	57	48	52	13	14	46	48	23	26
chr16	88497745	88498403	230	353	66	117	87	116	123	156	110	140	111	120	169	218	88	96	271	287	182	247	16	40	121	124	198	216	106	151	167	205	261	327	379	658	160	267	12	35	34	39	51	51	60	71	62	64	82	86	103	113	122	123	82	95	105	107	65	67	31	34	76	90	50	56
chr16	89641023	89641436	10	326	13	50	15	107	2	101	15	74	0	39	12	89	20	62	38	229	49	232	1	87	12	123	121	252	44	211	39	181	23	303	199	572	34	124	7	38	18	77	5	111	4	57	54	91	6	126	28	79	1	46	9	84	4	63	18	23	1	30	3	63	15	18
chr19	46736789	46737375	230	283	102	117	83	99	119	137	119	146	33	35	122	165	80	95	238	253	129	155	33	77	32	45	214	231	101	133	72	96	156	195	357	438	64	115	14	16	36	52	21	33	32	41	43	64	30	36	51	59	25	39	41	68	39	47	61	92	49	64	51	64	15	20
chr20	62652090	62652589	5	514	29	206	23	384	5	207	23	249	14	116	29	250	0	111	47	233	11	361	12	167	22	250	109	514	14	323	31	350	34	359	309	1062	9	352	13	62	34	112	8	44	4	24	9	48	32	70	1	21	24	97	1	74	4	59	21	135	1	53	12	126	2	64
chr22	46053941	46054656	18	839	58	655	15	248	16	393	23	357	5	141	5	417	2	231	18	460	2	336	9	156	19	314	85	532	21	487	42	362	26	539	529	1365	7	355	17	55	20	139	3	60	11	158	8	70	0	128	5	139	2	124	7	160	1	73	9	152	2	72	2	92	5	82
chr3	123114548	123114822	119	130	44	47	103	108	44	45	70	76	34	35	80	103	57	61	199	206	106	108	24	34	29	35	92	98	68	81	50	53	122	131	218	242	93	105	2	4	16	21	29	31	13	25	25	32	35	47	31	31	51	57	23	32	15	21	22	24	16	17	19	27	18	21
chr3	182920608	182920977	81	94	18	44	27	65	15	29	21	34	19	20	32	57	50	59	132	146	52	62	38	46	51	68	67	74	44	72	38	57	90	101	95	124	31	54	3	3	30	31	18	18	23	27	17	18	19	21	16	19	18	18	23	24	24	24	25	26	15	21	16	17	11	13
chr4	151671588	151672086	108	133	69	79	82	91	52	58	59	67	22	26	57	74	85	94	96	104	68	80	36	41	24	30	92	104	69	91	108	129	170	187	179	209	119	133	17	19	26	33	38	41	36	53	29	40	22	27	13	16	60	68	37	39	47	49	19	22	23	25	23	26	35	45
chr7	122329371	122329684	73	78	13	18	34	38	27	33	9	9	6	7	29	42	31	34	60	64	26	35	36	41	26	34	78	86	42	57	48	69	57	77	67	107	42	48	1	6	16	21	28	35	15	25	12	25	20	33	10	14	7	10	14	20	9	13	9	13	2	5	19	25	16	31
chr7	157177428	157178137	321	357	101	107	63	74	109	120	65	74	55	62	112	131	145	164	216	233	129	158	129	146	97	117	220	248	182	217	226	278	232	256	379	445	110	131	20	24	66	78	42	50	81	88	49	52	68	73	56	68	53	58	32	36	58	65	78	85	40	41	83	92	13	16
chr8	143293969	143294287	49	65	35	44	27	36	26	30	29	34	10	13	32	34	26	32	19	29	26	30	4	8	15	18	60	69	17	23	14	18	45	51	69	79	27	36	7	9	9	9	7	9	20	28	13	14	4	6	9	11	6	10	23	23	9	14	3	7	9	14	7	7	4	6
chr9	98182108	98182745	84	90	36	39	53	55	34	38	34	37	13	15	37	42	45	53	51	56	42	48	22	42	44	46	107	116	35	53	60	72	55	67	90	118	23	37	8	12	17	20	29	32	7	9	10	11	14	14	14	17	48	54	13	15	28	32	14	16	5	8	15	23	4	4
chr1	38686077	38686814	76	105	38	60	33	85	23	44	10	15	15	15	79	126	88	98	156	170	57	80	28	52	22	40	86	117	83	142	88	149	154	198	223	334	84	123	9	11	40	63	44	48	73	78	37	39	63	72	77	80	60	68	51	57	61	62	51	58	24	29	43	52	40	44
chr1	91941967	91942590	318	346	77	86	149	173	97	109	64	72	82	107	147	207	129	163	136	362	172	228	82	92	89	102	368	442	146	171	210	241	224	272	404	491	221	266	18	27	73	88	107	113	115	123	72	79	94	104	50	56	47	49	123	133	30	34	66	69	50	61	69	78	110	134
chr10	7430653	7431801	375	432	121	138	225	275	98	121	114	141	65	68	165	199	156	199	302	328	150	175	170	192	109	129	375	427	165	227	196	272	324	372	440	636	242	287	20	41	67	84	94	106	130	140	107	116	108	120	73	76	144	154	96	101	106	111	138	139	101	105	179	188	62	69
chr10	30811798	30812327	100	240	24	48	43	74	37	70	51	80	30	53	37	102	81	111	147	162	50	82	9	85	18	69	130	189	61	174	64	163	149	226	164	236	57	132	10	14	22	55	43	50	54	58	58	75	70	76	26	34	86	92	35	40	32	33	54	67	17	22	41	57	34	46
chr11	769381	769839	159	164	92	112	49	49	53	66	62	65	30	32	95	114	67	81	90	101	91	99	44	47	52	63	164	175	48	64	66	84	102	125	249	282	80	95	14	17	21	22	32	41	25	35	23	29	38	39	38	44	28	30	17	17	17	22	43	48	27	30	30	33	38	44
chr12	4700616	4701122	144	188	47	60	76	113	68	86	67	102	25	31	57	134	97	127	361	432	55	80	30	51	71	83	197	234	138	206	101	133	232	280	318	393	67	122	16	22	35	43	38	55	17	42	39	64	29	34	42	67	52	85	34	48	32	43	50	57	26	36	52	64	41	59
chr12	34351448	34352649	641	944	125	155	347	448	237	375	206	284	102	113	141	230	226	248	448	480	222	274	37	54	60	77	649	727	189	257	174	228	439	566	680	1340	335	451	38	69	58	91	74	87	133	163	83	127	126	192	163	210	105	139	137	187	144	194	122	152	48	53	132	181	108	173
chr14	105223468	105224231	201	221	105	114	168	177	51	55	121	127	23	43	118	223	89	185	101	115	58	99	24	35	73	84	205	221	121	144	119	143	173	204	320	404	98	139	28	49	50	56	48	57	43	47	71	80	38	40	82	91	91	106	33	38	41	52	58	67	27	32	43	45	21	22
chr15	79971930	79972272	86	94	48	71	227	266	59	66	100	121	82	86	67	101	86	95	140	162	98	128	61	66	78	104	202	240	120	147	64	78	194	237	208	232	99	118	15	24	60	68	31	45	17	35	35	46	41	47	44	53	59	82	43	54	34	51	38	45	28	34	18	27	37	52
chr16	23020734	23021155	129	174	22	30	91	142	26	53	40	72	0	0	97	121	83	93	217	244	80	104	29	39	58	75	134	155	80	119	81	130	152	196	211	298	62	113	14	23	21	26	15	21	30	35	21	24	13	17	43	45	57	64	43	44	27	28	14	15	13	15	79	83	31	38
chr16	31441937	31442391	620	823	236	283	231	307	174	221	324	428	121	130	262	309	202	223	525	570	303	353	70	154	124	171	341	389	278	412	183	261	248	297	417	656	170	451	37	42	57	117	69	130	225	283	95	130	118	159	105	127	157	177	60	70	55	85	117	121	76	118	113	165	29	38
chr16	72787242	72787747	110	536	68	168	79	223	2	186	115	201	46	54	12	194	177	242	339	559	7	294	3	99	112	202	314	399	156	341	119	262	175	481	348	662	34	349	20	29	29	113	7	111	49	222	9	138	5	90	6	102	14	106	3	174	27	154	26	123	15	68	5	137	0	61
chr19	9663201	9663717	135	152	36	40	67	74	74	92	41	49	23	24	19	32	38	44	63	81	65	79	39	48	54	66	94	106	52	73	66	78	83	98	82	123	45	69	10	13	22	28	24	32	33	41	34	38	34	38	16	19	20	25	42	49	24	30	29	31	20	22	32	38	10	12
chr2	98775603	98775940	56	163	28	95	73	79	57	60	63	73	56	59	62	83	21	104	158	175	42	73	17	73	76	83	154	177	106	123	92	101	120	141	267	292	92	140	11	15	53	70	44	50	25	38	37	38	33	33	18	28	25	37	18	23	25	31	33	41	27	33	30	40	34	41
chr20	63657675	63658189	279	776	141	314	211	340	94	192	169	276	43	92	174	301	120	184	254	304	196	323	9	98	228	408	384	490	94	204	184	271	213	412	544	1213	127	344	45	86	36	69	23	115	19	62	43	97	65	181	51	132	35	82	65	164	43	79	33	96	5	14	47	94	56	95
chr21	42509344	42509725	51	58	47	58	95	99	39	40	72	83	23	27	55	88	28	50	124	130	19	44	13	46	38	61	144	154	104	135	65	143	104	174	172	231	34	63	5	6	27	60	19	22	33	45	43	49	26	27	24	26	28	39	43	48	31	39	25	42	10	16	40	46	30	46
chr3	183579899	183580358	97	174	19	30	81	154	27	59	47	80	29	32	91	120	59	68	202	255	87	112	18	65	51	78	76	93	49	106	80	113	76	113	133	235	25	125	7	19	8	38	42	46	62	68	23	24	19	19	41	41	38	40	45	45	28	28	54	58	36	39	19	21	6	7
chr3	187017803	187018175	63	77	18	24	19	27	15	20	22	30	4	24	51	63	29	45	115	131	31	44	3	35	37	50	47	61	16	35	48	55	68	92	91	126	26	70	6	13	12	19	13	29	10	17	17	28	13	22	11	17	27	45	27	44	12	17	15	23	17	30	23	34	7	15
chr4	186500887	186501353	275	361	140	175	198	265	179	270	70	84	136	146	282	404	259	282	360	386	119	226	262	288	192	235	361	459	205	462	179	241	331	399	462	642	175	385	47	65	115	145	159	215	158	173	158	190	138	167	129	163	214	267	175	217	122	139	152	236	59	68	151	182	109	138
chr6	1735148	1736076	92	101	28	33	41	48	42	51	36	48	19	26	88	125	47	66	118	133	58	71	15	37	66	73	118	129	79	100	92	119	83	94	241	282	52	72	13	15	31	35	28	43	18	24	37	45	42	55	29	31	43	54	8	9	23	31	30	36	20	22	29	31	30	33
chr6	2867662	2868876	207	227	173	183	71	78	69	80	174	190	11	23	119	171	40	136	187	281	102	127	75	145	145	169	230	245	197	250	135	195	197	235	468	512	159	181	37	72	106	143	53	69	44	54	50	61	37	37	38	49	63	73	53	79	37	46	63	87	62	82	36	49	47	53
chr6	12585627	12586190	229	276	73	90	69	75	120	136	103	131	64	65	183	207	136	177	249	379	123	145	46	97	109	131	301	333	152	224	170	197	202	236	405	488	129	169	23	32	82	99	44	45	76	82	91	102	104	111	30	30	108	115	85	94	65	74	94	100	85	91	85	91	59	62
chr6	118617479	118617751	61	74	23	26	50	56	15	17	35	46	8	20	48	59	53	68	112	127	43	48	20	63	20	54	86	100	68	95	45	61	79	111	174	223	35	43	12	15	27	30	32	56	13	17	18	29	9	13	10	24	29	54	11	16	9	18	13	19	15	24	6	10	16	26
chr1	12017201	12017826	299	332	155	177	188	196	167	192	73	95	94	118	142	187	195	222	216	242	137	180	79	88	106	140	217	239	136	159	129	153	268	309	390	446	191	215	10	24	38	55	63	66	63	69	38	40	72	74	72	74	60	60	68	74	49	52	37	38	60	64	52	57	28	28
chr10	34574560	34575030	20	25	9	17	12	12	13	16	9	10	3	4	11	14	22	22	49	52	13	15	15	23	19	23	36	41	32	42	38	44	42	57	65	80	13	16	9	9	10	12	23	25	24	32	16	17	7	12	12	16	26	29	16	16	4	7	14	14	18	19	15	18	4	6
chr10	34899773	34900082	80	83	55	58	84	88	68	77	48	51	12	13	53	56	62	76	124	129	76	98	23	32	37	41	138	148	68	80	79	95	89	105	138	151	81	89	22	30	23	30	30	32	20	21	23	25	37	38	18	21	49	50	39	42	11	13	40	41	21	22	30	33	32	36
chr10	79269602	79269908	80	95	52	56	69	75	362	385	73	80	24	25	73	97	39	40	138	144	48	63	16	16	35	36	105	107	75	86	101	113	130	136	203	216	79	94	12	12	30	34	26	27	19	19	25	26	28	28	17	17	32	32	26	29	24	25	42	42	15	16	18	23	26	28
chr10	132779209	132779745	283	311	69	71	212	218	78	88	82	89	36	37	196	219	154	168	189	194	110	121	26	33	81	83	268	279	133	146	123	126	264	278	401	451	215	228	24	26	29	33	105	108	71	78	50	55	94	96	116	120	106	115	52	55	35	38	60	64	77	81	81	87	60	62
chr11	92883012	92883488	448	496	43	54	172	199	284	363	185	201	135	147	372	404	208	225	497	525	201	216	154	163	124	144	372	402	287	335	233	280	382	446	613	877	291	391	27	31	108	126	135	140	113	124	90	96	92	93	66	69	156	161	116	137	88	96	194	199	112	120	121	129	69	86
chr12	114714756	114715300	62	66	52	54	35	42	31	32	34	38	10	10	39	53	36	44	28	32	42	51	9	12	6	15	113	119	29	32	42	56	85	108	98	124	72	76	6	8	8	9	14	14	11	12	32	32	13	15	26	26	10	10	12	13	9	11	18	23	12	13	7	12	8	8
chr12	114884464	114884845	87	101	52	59	23	30	18	21	57	62	21	21	23	30	62	76	83	93	41	69	28	43	22	35	91	95	60	90	50	64	65	94	153	185	31	61	12	20	20	31	12	16	13	17	37	41	31	38	19	21	39	43	15	15	3	9	34	42	25	29	12	14	16	17
chr13	99895157	99895773	135	684	134	252	138	275	120	392	103	279	123	151	24	305	105	242	14	457	8	351	6	138	22	312	331	843	146	437	108	587	214	482	401	1297	57	445	17	50	27	144	5	201	5	297	9	175	1	126	17	256	7	241	7	246	2	156	3	84	4	171	3	164	3	181
chr15	37110420	37110849	56	216	33	66	36	130	25	87	18	64	0	25	15	116	50	136	18	79	8	111	14	91	13	79	56	202	10	192	32	171	50	210	73	288	36	141	14	31	29	51	4	55	6	41	6	91	6	44	2	25	7	52	6	56	7	33	2	52	0	25	11	88	1	54
chr15	49860026	49860473	54	72	29	41	55	66	31	39	14	25	12	13	53	79	43	57	23	25	25	42	10	22	31	44	131	142	49	74	82	113	138	163	147	195	26	61	6	9	18	79	37	43	57	64	24	28	34	39	21	22	34	37	21	24	7	12	29	31	22	26	37	43	25	26
chr16	3470852	3471144	86	90	38	43	50	51	20	22	42	52	18	19	36	48	47	49	65	98	49	53	26	28	25	27	53	81	31	39	37	58	80	85	125	146	65	69	8	9	20	27	9	9	26	28	25	27	22	26	20	25	19	21	20	20	21	22	44	47	6	7	21	25	5	5
chr2	60461177	60461767	637	701	122	136	496	572	297	346	234	263	194	199	465	509	423	444	862	931	296	317	278	301	238	253	974	1019	356	404	337	354	685	730	1053	1102	394	491	15	31	121	128	174	194	230	247	296	307	339	361	234	242	160	169	166	180	144	162	206	218	175	190	182	194	130	136
chr2	65127453	65128055	287	342	212	236	227	255	165	183	151	168	92	111	274	346	193	211	358	406	273	306	127	166	202	231	519	565	366	442	208	303	424	483	748	840	155	242	50	64	124	133	73	84	162	181	110	120	80	91	80	89	99	117	118	134	106	121	78	90	89	100	83	91	73	82
chr20	34778144	34779236	363	421	89	114	344	372	143	159	158	169	121	140	234	251	135	165	399	438	235	278	115	132	236	258	419	467	260	308	238	279	333	375	775	846	247	278	44	53	59	76	57	73	75	91	138	167	101	130	77	98	99	111	47	63	116	137	77	88	81	87	98	134	72	95
chr22	38698603	38699375	143	185	125	168	51	77	46	64	112	124	10	16	74	112	65	85	212	243	90	105	62	92	94	124	136	161	178	207	109	174	230	258	215	268	59	86	18	22	82	102	43	51	52	60	48	58	30	36	31	35	45	57	46	46	34	41	32	39	19	21	53	59	28	33
chr4	27084902	27085206	61	280	46	76	34	142	36	127	103	116	16	59	14	143	53	109	193	226	6	113	2	122	11	91	92	250	62	211	52	118	52	304	117	312	1	211	5	8	18	55	11	103	0	76	0	33	1	100	0	33	2	78	0	48	0	37	0	64	0	70	2	75	0	52
chr5	1254476	1254830	145	184	38	41	105	121	62	93	36	52	40	43	68	130	79	81	170	192	70	83	27	33	43	50	152	169	90	105	83	127	111	134	168	228	78	108	18	25	11	12	33	33	81	88	53	57	60	65	65	70	91	95	60	66	5	9	45	48	36	39	74	79	20	22
chr5	123110644	123110917	136	167	45	59	57	61	44	49	88	104	11	17	106	122	103	109	118	135	85	105	72	83	43	54	148	181	103	116	83	109	86	113	156	215	96	127	16	19	25	38	27	28	22	22	28	32	42	43	24	29	58	67	28	30	20	22	52	58	23	26	37	39	36	37
chr5	174721692	174722134	14	78	34	76	35	70	1	39	21	63	26	27	31	74	16	34	37	64	36	78	14	43	9	44	64	145	21	92	16	125	33	97	87	220	11	75	5	11	11	38	2	37	0	25	2	16	6	26	3	25	9	43	7	74	6	42	7	40	2	30	3	20	7	46
chr6	27873342	27873884	272	664	43	100	85	173	65	184	255	380	8	53	18	357	11	198	35	509	32	374	3	178	6	302	150	581	195	433	70	452	48	409	649	1032	7	167	19	70	50	171	4	199	0	161	0	100	0	130	0	69	0	86	0	75	0	70	0	90	0	113	1	234	0	48
chr7	131509479	131509957	192	219	72	79	71	74	89	96	81	89	51	59	82	107	90	92	152	157	117	124	41	44	70	89	198	212	147	167	174	218	179	199	355	395	131	155	16	20	59	63	82	88	70	75	65	66	62	66	69	69	35	41	33	37	63	68	74	79	43	44	84	90	49	60
chr9	131494005	131494479	231	252	73	81	88	98	102	110	84	88	48	49	105	110	125	133	182	192	161	169	21	22	51	55	220	227	94	105	95	109	177	192	388	404	89	94	13	15	43	52	11	12	36	39	18	20	18	27	56	57	44	46	93	95	32	34	38	42	26	27	35	35	51	51
chr1	203768618	203769254	137	158	62	72	91	108	32	36	67	84	28	30	64	98	59	82	122	133	36	57	25	28	28	72	180	200	81	115	54	106	109	142	190	245	57	85	8	16	38	40	25	36	28	35	41	46	24	32	25	31	39	45	8	17	25	39	26	29	33	44	37	47	21	24
chr11	65821055	65821688	118	163	63	89	94	121	46	57	25	45	10	30	94	136	47	79	151	158	37	49	28	39	7	59	126	169	55	137	35	109	72	150	175	267	49	93	7	14	28	45	16	34	17	33	13	29	17	37	29	48	32	40	38	59	31	39	19	32	8	21	12	12	8	18
chr11	73944915	73945394	121	160	56	64	44	47	83	97	27	36	32	33	58	75	88	98	116	134	53	70	23	29	44	59	87	102	74	124	64	101	102	138	268	344	80	108	8	13	54	56	5	19	26	45	23	40	28	34	24	38	22	39	26	54	16	25	37	46	30	43	27	48	24	31
chr12	101486092	101486397	85	93	43	47	25	31	41	44	38	42	8	8	23	34	41	43	83	100	42	48	39	40	2	16	108	123	69	85	49	78	99	147	101	143	57	72	10	16	29	35	39	50	26	33	39	52	23	35	18	27	37	43	16	28	35	36	7	12	14	16	13	14	31	33
chr13	80337350	80338065	192	306	82	129	113	160	140	175	67	101	33	41	153	185	161	236	329	355	88	228	83	212	106	183	184	493	190	378	77	442	317	396	494	769	112	287	32	50	101	162	42	50	101	116	109	128	62	79	123	138	86	104	41	48	68	76	66	83	59	70	135	147	103	113
chr13	99941009	99942102	90	158	33	65	55	77	62	87	43	85	24	30	91	117	80	103	182	241	67	88	35	52	86	180	116	184	113	222	50	155	138	195	321	386	104	143	13	18	56	64	66	77	87	98	33	45	47	53	52	57	76	87	63	68	38	44	50	55	27	30	59	68	20	22
chr16	4701306	4702229	429	503	263	281	306	333	299	325	311	341	110	113	198	244	129	168	435	477	134	314	76	89	33	125	275	300	143	173	86	201	329	360	727	796	169	273	32	39	61	66	49	51	101	113	89	99	97	104	93	104	117	131	101	122	63	82	112	118	70	78	152	174	75	97
chr16	25177661	25178512	401	484	131	150	124	140	41	144	105	178	89	92	124	182	107	127	285	331	143	172	44	69	20	71	158	217	130	190	40	116	223	329	332	412	136	164	17	26	43	50	46	98	53	89	74	118	23	46	45	79	70	99	61	103	42	70	69	132	36	61	47	67	53	75
chr17	19601591	19602167	80	87	38	41	34	41	25	31	35	37	15	20	69	78	49	54	58	60	49	55	54	57	40	49	116	134	83	91	67	89	84	118	131	185	49	64	12	17	24	30	41	46	40	45	42	52	31	35	26	26	35	41	28	31	56	57	25	27	18	18	32	35	32	39
chr17	78283486	78284562	260	322	97	114	94	114	51	70	75	99	49	52	79	145	99	118	244	281	118	172	90	110	56	95	173	282	123	210	72	189	226	369	290	405	116	157	19	45	60	87	41	78	39	53	37	40	68	85	43	93	50	84	63	102	28	52	40	64	16	33	53	55	42	66
chr18	79528742	79529452	394	580	210	239	223	279	104	148	146	179	48	56	283	437	246	310	169	218	137	231	48	117	77	95	270	435	265	423	255	374	335	511	599	1067	295	508	15	30	57	74	94	173	104	128	134	179	93	129	116	150	129	183	101	172	114	167	136	216	55	89	111	158	59	96
chr19	1083803	1084825	552	813	371	462	429	477	266	352	341	431	127	133	249	309	263	309	333	382	275	445	43	108	144	391	329	772	240	312	111	350	577	713	938	1239	247	361	40	48	103	153	120	128	107	123	103	141	212	252	147	164	224	258	159	179	123	135	118	140	93	102	146	157	55	60
chr19	41426113	41426776	456	520	220	236	268	306	239	259	272	300	101	103	240	326	173	186	348	364	210	308	41	45	42	149	350	432	263	307	91	241	271	325	647	820	199	240	35	41	46	48	71	86	75	102	99	118	83	97	117	125	71	82	100	124	96	118	79	87	72	83	79	94	104	138
chr2	163708425	163708735	20	26	8	10	12	14	1	2	8	12	3	3	21	27	29	32	55	56	13	18	32	33	21	25	15	37	23	40	18	34	39	59	64	76	21	35	2	2	34	36	12	16	13	14	13	16	12	13	15	20	16	26	7	8	8	9	9	11	8	8	12	20	9	12
chr2	223930352	223931030	231	295	89	114	87	141	53	76	104	160	40	41	155	206	102	112	201	210	156	181	87	100	41	131	288	331	183	237	80	179	220	276	372	438	190	234	31	37	66	77	38	57	28	48	35	53	58	75	45	48	58	79	40	53	74	89	48	68	61	90	69	93	47	68
chr2	239260170	239260521	198	219	69	76	96	103	39	43	107	117	3	3	105	136	136	139	137	148	77	91	89	102	54	126	94	210	119	205	59	151	95	179	236	291	80	121	20	23	61	67	44	92	22	43	43	59	49	68	33	49	34	53	39	68	20	43	39	61	26	26	42	57	15	37
chr20	47895202	47895998	1068	1496	167	326	769	1458	616	1421	373	706	394	586	563	893	371	533	1427	2307	727	1008	155	214	216	841	461	1407	306	784	188	717	833	1646	2027	3768	452	931	144	430	131	213	336	521	472	724	251	330	427	604	401	533	237	375	332	461	222	324	308	431	91	145	264	409	216	366
chr3	2156263	2156707	199	261	43	52	97	154	31	51	41	67	31	32	84	145	91	101	152	182	72	99	85	108	17	81	183	213	54	152	61	168	154	237	216	377	67	156	11	16	69	115	25	45	20	52	26	65	19	56	23	75	45	89	16	40	18	45	49	96	31	76	72	124	30	55
chr3	171676528	171676808	93	101	20	24	35	38	62	68	35	37	12	32	72	79	38	45	222	232	63	73	30	33	22	64	43	96	78	132	44	115	61	116	167	188	55	100	19	26	22	28	14	27	29	38	44	45	22	45	31	33	22	31	15	25	22	37	23	29	35	51	46	54	11	14
chr5	100049938	100051515	199	406	181	227	149	192	98	112	184	284	32	35	223	549	174	195	377	456	163	183	187	255	160	210	354	438	347	511	294	523	421	574	525	736	175	276	57	202	167	271	154	174	200	252	169	203	116	152	131	140	210	233	123	133	127	141	104	132	111	124	177	213	123	131
chr6	112879707	112880469	264	278	80	88	235	283	114	179	147	161	36	41	211	303	160	168	316	340	188	205	117	135	65	88	102	336	174	312	157	234	233	344	237	499	161	175	15	19	81	98	158	176	142	152	58	70	120	127	63	68	97	117	74	84	41	45	99	109	96	112	88	98	88	124
chr6	166681936	166682521	81	115	56	60	68	77	39	48	53	65	16	16	64	87	41	47	62	177	36	41	27	32	19	44	49	68	60	104	50	105	114	148	138	206	79	88	9	25	44	54	20	53	24	51	37	45	18	21	10	24	15	30	23	44	31	42	13	18	10	16	15	27	25	38
chr7	157297987	157298857	365	499	143	189	105	154	125	169	94	139	100	113	107	181	175	204	168	199	186	256	64	81	68	170	286	340	145	195	118	274	255	351	395	499	128	188	34	48	52	70	34	76	65	91	69	90	76	108	57	82	45	86	46	93	66	116	41	97	10	14	45	62	38	59
chr1	15065823	15066547	378	488	182	207	346	393	221	266	134	181	102	106	191	257	189	244	336	393	232	319	87	93	175	198	415	459	212	239	179	212	460	555	649	778	299	382	40	44	58	69	59	89	98	116	51	109	145	171	115	150	95	158	88	108	72	106	85	112	87	118	20	39	47	68
chr1	24911573	24912862	330	392	105	124	260	301	143	172	166	201	89	99	247	279	219	270	305	332	227	308	38	58	152	179	268	292	197	237	110	139	299	372	665	779	276	341	35	48	83	89	71	83	78	95	65	78	95	109	92	105	97	122	120	151	98	118	118	130	53	62	77	86	24	30
chr1	61459316	61459658	196	203	47	55	68	79	71	74	38	40	18	18	85	107	70	72	203	210	107	122	79	84	24	31	217	238	140	154	128	151	169	193	317	366	109	123	15	17	24	31	51	62	65	69	41	43	63	71	24	31	56	64	22	33	33	37	23	23	28	43	46	52	34	38
chr1	167430122	167431753	725	820	128	136	452	496	242	267	246	302	173	184	231	348	239	300	373	400	205	274	148	171	208	246	688	746	246	304	278	344	446	539	1067	1263	379	457	48	63	105	130	132	158	131	163	139	148	122	141	51	68	130	146	167	180	150	167	132	159	130	149	120	176	49	62
chr1	167479472	167480398	186	250	30	45	138	172	52	71	73	86	57	60	123	158	114	134	207	220	76	110	51	55	72	84	241	311	132	187	96	166	147	204	437	502	80	112	35	48	36	55	36	40	58	64	57	65	74	81	28	32	44	57	43	54	40	40	47	53	64	67	59	72	45	59
chr10	70599471	70600850	515	618	129	206	188	241	318	446	172	206	94	96	360	412	206	226	466	494	277	324	120	124	113	138	510	554	217	289	218	282	455	535	723	811	328	354	49	56	84	96	105	118	158	181	153	171	203	220	146	173	100	111	188	202	183	200	128	145	82	93	113	137	80	92
chr11	330861	331353	330	391	235	284	141	184	147	200	203	282	73	94	163	239	136	144	168	188	118	235	88	107	164	200	303	364	175	216	255	320	298	369	494	612	215	250	27	38	59	77	44	68	70	113	100	122	32	45	84	106	81	134	74	111	95	136	19	41	34	62	51	93	37	49
chr11	114065446	114067176	380	415	199	228	155	173	177	215	211	259	86	99	213	275	259	293	266	287	239	287	133	154	173	204	480	578	255	356	247	356	367	455	841	982	229	320	54	73	108	135	107	116	124	153	87	109	136	157	97	115	154	171	134	160	105	131	109	119	106	133	94	108	55	78
chr12	22409684	22410211	212	249	66	91	91	104	60	67	94	115	23	23	51	84	71	92	347	391	57	97	56	65	43	57	222	257	120	157	125	152	194	314	289	376	85	113	14	18	72	95	66	74	53	65	43	53	22	23	46	50	43	55	62	76	28	34	47	52	51	64	75	104	74	90
chr12	124423848	124424431	244	309	151	176	119	145	75	87	151	163	45	53	110	126	101	111	109	132	142	171	51	67	86	100	215	235	173	213	145	175	280	355	391	453	155	215	18	19	34	49	33	48	36	51	40	58	92	121	19	53	80	134	65	90	39	62	33	46	41	57	35	55	10	34
chr13	44593749	44594205	116	120	43	50	101	128	42	44	52	54	25	25	110	123	93	101	174	179	124	139	81	84	158	178	225	231	103	119	144	162	167	195	339	378	97	109	31	32	63	68	17	18	50	68	99	113	49	59	37	37	66	80	41	53	31	35	56	56	35	44	76	83	30	32
chr13	114108670	114109219	246	280	92	103	174	202	159	168	80	96	48	48	185	211	147	166	231	255	152	183	57	83	144	179	271	313	131	174	214	266	272	312	500	632	250	298	28	43	33	37	47	53	35	36	62	67	107	125	39	41	114	122	44	45	28	34	103	124	52	55	69	77	41	53
chr14	21230972	21231280	97	130	83	99	69	95	29	54	71	124	16	22	39	52	70	82	93	112	43	67	71	94	54	69	101	116	115	161	43	99	167	206	279	327	88	149	13	15	22	34	31	45	27	38	38	48	33	42	20	20	40	52	31	46	25	33	23	38	33	38	33	33	25	28
chr15	98953187	98953670	101	109	69	79	282	301	68	72	59	74	50	53	72	111	76	109	153	165	61	78	107	115	63	66	235	253	109	155	126	134	153	209	245	322	157	198	40	42	38	47	46	81	30	49	34	46	31	43	22	37	37	49	27	40	22	37	26	43	22	44	41	50	24	38
chr17	78784965	78785624	153	180	119	123	81	96	44	55	74	102	18	20	61	87	73	84	182	196	67	99	58	67	35	50	211	230	107	121	79	116	119	155	231	301	86	109	20	23	61	86	42	50	5	12	18	24	36	44	54	58	45	71	27	37	20	21	47	60	17	22	26	36	31	34
chr19	10797069	10798447	424	514	197	214	252	299	229	265	175	209	76	85	219	264	193	244	292	333	238	364	117	147	185	236	455	530	208	272	215	311	332	465	673	922	233	290	47	59	104	160	85	110	77	112	82	127	109	139	106	147	121	158	147	184	73	87	78	113	49	68	57	119	26	37
chr19	16334992	16335371	293	308	121	131	153	174	100	108	128	139	46	52	121	134	119	129	207	235	210	238	54	63	124	143	196	202	163	195	145	176	188	198	461	554	148	173	25	29	40	40	69	81	30	59	50	61	33	35	25	34	50	70	63	71	123	129	14	35	36	40	93	103	75	83
chr2	98634186	98635024	110	128	56	65	99	116	46	53	45	59	13	15	59	96	107	116	151	166	77	98	60	69	59	67	183	197	144	174	93	128	137	170	306	383	87	111	25	33	44	60	26	39	45	57	53	62	33	43	23	32	24	34	42	48	41	49	29	43	41	48	26	40	31	41
chr3	15303529	15304855	438	498	253	266	279	343	162	190	290	354	117	127	200	252	192	213	483	515	134	168	209	231	186	229	363	413	301	391	236	292	354	500	662	799	294	352	65	76	97	117	172	192	100	146	89	122	82	100	87	115	185	218	115	141	75	87	80	114	80	102	103	126	43	64
chr5	1518193	1519704	586	647	203	229	319	350	289	310	332	374	139	147	453	511	380	419	645	706	297	352	131	148	209	251	586	636	359	420	372	413	607	692	1214	1368	457	513	62	67	145	161	182	207	126	165	133	142	125	140	114	131	214	246	169	189	227	250	137	143	92	101	119	139	96	147
chr5	14745474	14746076	175	216	77	87	200	232	81	100	77	87	34	38	238	263	134	145	263	274	80	94	61	63	102	112	190	199	148	179	94	107	192	224	380	446	144	157	42	51	43	60	37	61	70	90	59	76	48	63	40	48	23	26	53	65	28	38	53	70	55	63	52	60	15	15
chr7	70669724	70670595	127	140	55	61	62	73	58	72	74	86	9	9	93	116	73	84	133	152	51	80	60	68	69	80	214	225	125	145	150	179	237	270	347	424	74	86	10	15	41	62	37	48	49	54	54	60	21	30	49	77	49	68	53	58	47	60	39	52	22	31	31	43	41	50
chr7	158804489	158804827	373	394	121	126	79	83	104	109	90	94	23	24	121	146	123	148	242	269	100	125	84	88	121	126	234	237	131	151	224	231	283	318	495	538	165	179	20	20	81	86	40	59	109	116	78	87	59	61	56	57	55	55	45	62	26	31	66	83	55	66	78	118	19	20
chr1	8922609	8923648	168	199	65	81	96	133	56	71	52	79	27	31	83	117	62	79	178	186	112	131	54	67	59	69	184	218	99	128	56	76	190	259	294	360	100	118	23	25	58	65	65	75	23	26	43	45	37	43	39	43	62	80	46	55	79	85	73	83	34	35	35	49	47	53
chr1	8967011	8967899	218	236	31	40	122	145	70	80	46	55	18	18	93	112	117	128	175	186	95	110	75	83	60	75	188	218	88	116	62	85	195	233	330	368	109	125	45	53	33	38	48	50	62	71	41	44	53	56	25	25	57	64	56	59	37	37	30	34	33	36	45	50	35	40
chr1	9627859	9628332	223	269	122	138	117	130	58	78	70	83	44	56	144	166	92	127	132	156	160	189	54	60	55	66	242	270	118	144	67	91	161	189	341	431	173	211	23	36	48	54	75	92	62	73	50	57	61	73	54	66	98	103	68	83	56	61	65	72	43	51	59	69	36	45
chr1	40388628	40389106	288	321	244	278	126	145	115	144	121	145	78	81	157	184	119	128	353	380	107	193	140	142	176	189	303	359	254	317	164	190	314	367	537	650	212	248	39	47	97	117	131	192	23	56	46	69	34	69	49	66	63	124	43	58	88	107	33	94	28	48	103	151	15	37
chr10	70092113	70092619	150	172	68	80	44	49	112	123	59	70	8	9	98	129	56	71	114	122	40	58	48	54	43	56	134	151	84	115	44	106	67	129	156	203	65	96	11	12	17	24	37	47	26	40	30	43	15	50	16	23	22	45	31	50	7	13	23	39	16	31	16	35	28	34
chr10	119512119	119512469	153	241	33	89	101	124	88	121	120	148	43	43	91	99	117	126	141	153	96	121	65	70	56	58	235	249	104	123	74	80	137	147	214	303	95	113	35	39	39	42	40	42	27	30	39	40	6	9	21	23	72	77	49	66	37	39	59	73	8	11	22	22	16	16
chr11	66313473	66313896	120	250	323	604	101	156	68	151	91	120	22	23	60	96	45	70	128	160	66	86	14	36	36	70	157	170	57	106	77	152	90	137	180	338	43	109	7	20	11	28	24	28	14	19	26	34	13	19	15	21	53	81	24	32	25	40	24	38	13	16	21	37	19	30
chr13	114153989	114154527	122	144	56	71	77	90	92	112	55	77	65	67	91	126	50	70	122	132	90	106	23	29	119	132	282	314	144	174	144	198	170	195	300	460	105	117	15	17	55	74	29	37	23	25	29	47	36	45	41	51	40	40	13	15	47	52	42	49	46	54	34	47	45	54
chr16	50081431	50081942	37	40	21	21	34	40	20	22	31	34	7	7	26	32	39	41	55	60	29	35	18	20	47	52	46	48	48	54	26	37	46	58	80	88	39	44	7	8	16	19	18	18	25	29	20	21	13	14	10	11	35	37	24	24	27	28	13	14	6	6	18	19	13	17
chr18	13524103	13524578	63	68	30	32	35	38	12	13	34	36	17	17	32	40	25	26	57	65	33	38	15	17	10	11	42	58	56	69	46	49	37	45	74	113	54	66	3	6	14	23	25	26	14	14	7	9	19	23	5	6	19	23	20	28	18	23	17	19	19	21	30	33	12	21
chr2	85319151	85319609	227	241	133	136	150	164	89	95	112	123	39	40	163	181	93	101	364	385	173	185	32	33	121	134	256	271	172	191	154	172	287	300	485	523	173	182	40	42	69	78	92	99	72	74	125	131	90	92	61	66	93	96	64	71	57	61	120	125	82	85	55	62	55	61
chr2	86785685	86786536	221	257	42	49	76	117	49	84	40	58	32	37	97	151	53	68	260	298	49	89	42	64	58	81	240	293	117	200	105	156	177	277	313	460	117	181	13	15	38	54	77	106	66	100	90	112	25	37	59	68	60	76	69	84	75	90	64	83	58	77	39	50	50	75
chr2	86823342	86823764	68	80	37	42	57	73	31	44	31	50	21	21	77	92	51	58	120	123	65	80	46	48	34	53	170	187	60	74	72	83	102	153	205	270	54	62	11	12	22	35	35	38	53	56	49	55	19	24	26	27	35	45	31	31	29	31	9	17	39	40	25	26	43	46
chr2	86826615	86826926	91	92	23	25	58	61	38	49	11	16	35	45	59	68	55	58	111	117	31	52	49	64	51	55	112	124	44	50	40	55	61	103	162	217	49	60	17	19	37	39	31	36	41	43	26	33	40	43	32	34	34	37	24	26	35	38	22	28	23	27	29	30	16	22
chr2	241112393	241113051	112	128	38	43	37	48	42	53	25	27	17	17	83	113	70	81	78	96	60	81	38	42	38	55	132	141	96	130	54	65	108	176	192	250	103	112	17	19	32	38	40	46	22	26	28	36	32	38	40	45	43	45	24	29	25	28	47	55	28	35	20	26	23	28
chr21	46561572	46562064	178	187	65	68	124	130	138	150	70	71	24	26	161	168	92	93	137	146	76	83	40	41	30	34	151	164	78	90	74	82	160	180	298	308	155	164	19	19	27	31	42	43	59	65	56	58	43	49	21	22	105	105	36	40	42	44	47	47	36	38	76	80	49	58
chr3	183815625	183816087	82	107	44	52	74	80	55	61	41	48	23	27	56	64	38	42	119	125	55	69	25	27	44	50	83	92	45	57	51	60	97	115	143	170	43	62	5	6	19	27	19	34	11	20	20	28	17	31	42	43	16	20	29	31	31	42	17	22	14	20	30	35	9	13
chr5	14414655	14415130	87	92	54	56	132	143	54	57	83	90	26	26	78	95	100	106	142	149	61	87	49	50	78	96	179	203	90	108	57	98	86	113	274	332	124	134	22	29	31	45	17	17	19	19	10	11	12	18	30	30	33	46	33	37	17	26	49	50	5	10	48	59	27	39
chr7	616108	616511	170	200	65	67	94	104	72	82	67	79	50	51	123	147	61	73	175	196	86	130	28	29	101	118	150	163	94	102	99	117	112	121	416	449	131	153	11	13	31	33	48	54	38	43	32	37	57	59	53	53	36	39	52	53	18	19	26	34	14	25	53	59	36	43
chr7	134992920	134993233	38	47	22	28	19	20	20	25	22	26	6	6	22	36	22	26	64	72	14	30	14	26	27	28	66	76	54	77	43	60	49	76	103	130	11	41	5	5	29	37	15	16	14	16	16	17	10	12	19	22	17	18	9	12	11	15	8	13	7	8	21	29	18	18
chr9	92969052	92969686	196	215	142	176	94	103	85	95	170	180	33	36	94	124	91	111	131	134	136	168	48	57	105	115	191	208	98	116	72	89	164	226	353	409	112	139	16	16	18	29	35	41	21	33	18	39	47	70	30	51	44	69	42	71	64	82	25	36	17	26	20	52	29	60
chr1	58576637	58577083	54	1175	60	608	42	466	18	544	28	475	2	246	20	973	20	509	36	1231	16	488	0	348	41	230	663	839	217	569	114	375	257	744	571	1477	21	834	10	29	33	144	7	287	15	395	42	219	46	442	3	195	3	269	18	342	22	327	9	293	12	236	10	341	0	95
chr1	81801860	81802959	72	2348	48	571	66	690	25	951	163	551	5	371	29	839	24	847	28	1356	21	788	2	532	64	441	395	730	318	933	388	674	270	1399	479	2147	73	1028	45	168	60	270	4	403	9	547	35	284	0	345	18	376	9	443	23	313	1	233	7	522	5	361	11	546	5	447
chr11	75667372	75668389	79	2149	2814	4424	146	915	27	1283	69	674	89	605	99	1610	228	660	35	1858	28	897	2	466	8	662	885	1512	333	782	124	745	603	1515	658	2215	39	1451	24	132	65	209	3	478	26	802	44	452	5	925	2	416	5	637	14	634	2	607	4	490	23	323	4	543	1	503
chr15	43329880	43330720	64	1688	150	933	49	1084	10	808	92	744	19	271	15	1096	20	628	44	609	10	1153	12	434	44	699	924	1560	78	912	221	651	141	1684	862	2522	54	1319	65	200	66	311	1	530	7	474	7	473	1	516	0	347	0	193	4	464	1	324	3	330	7	267	10	377	0	232
chr15	45378121	45378832	46	1351	110	599	119	635	10	674	32	530	2	409	44	900	8	472	1	246	42	643	0	324	62	390	940	1200	146	566	295	493	456	1052	1065	1781	29	881	23	101	48	211	0	306	0	429	10	511	34	509	0	240	0	305	4	337	1	364	4	251	48	341	3	420	0	285
chr15	83206897	83208376	45	3400	236	1856	217	2955	105	1809	100	1275	8	621	82	1444	136	1265	35	1923	64	1428	44	814	14	549	1182	1691	441	1414	694	1162	798	2076	824	3440	33	1529	62	190	204	548	0	335	29	730	40	667	2	527	12	704	6	528	6	777	10	524	24	809	11	617	14	654	1	407
chr16	79599005	79599968	57	1897	116	498	117	607	27	930	204	857	292	401	16	1310	119	527	89	1390	40	1280	4	423	5	579	703	1348	212	816	252	586	285	1324	490	2085	6	1045	30	84	98	363	4	310	3	432	17	509	3	269	23	477	0	299	29	782	15	560	10	740	12	440	8	511	0	260
chr17	39462139	39463318	35	891	107	487	27	375	116	2856	40	345	5	125	10	394	28	395	9080	22949	27	538	2	236	29	302	161	769	244	622	81	810	338	972	391	1506	33	644	31	116	41	226	8	284	16	190	1	159	0	218	3	151	2	229	2	177	0	138	0	182	45	138	2	204	1	94
chr17	61398738	61400148	408	1842	176	777	669	1256	58	803	75	858	44	484	42	1021	34	577	98	1396	24	719	1	483	56	433	546	1705	268	629	559	863	375	1149	505	2134	25	725	81	259	51	268	9	295	8	392	3	292	3	361	14	502	13	422	30	467	30	567	16	395	6	253	12	356	4	178
chr18	5237252	5238893	405	2383	285	850	105	1064	9	643	65	754	1	347	277	1437	6	689	839	1229	21	1003	12	791	19	473	361	1763	323	1566	172	1723	433	1906	648	3097	36	1253	71	205	106	392	4	615	5	695	4	630	2	623	11	402	2	557	0	733	2	432	1	379	31	321	0	624	0	269
chr19	58396640	58396946	116	675	279	350	131	338	89	189	191	520	0	60	13	331	14	180	68	549	15	380	13	109	47	131	299	354	117	191	124	139	134	354	289	831	17	283	33	66	8	10	20	89	29	100	13	90	26	185	3	114	42	204	1	90	14	123	9	160	25	123	15	126	0	53
chr2	176107311	176107865	172	1173	125	308	93	189	85	302	130	440	116	152	31	746	179	221	50	932	52	530	17	176	21	318	773	929	99	605	147	527	252	528	509	1599	198	741	38	82	57	122	5	316	32	326	16	380	14	495	14	326	20	149	35	381	6	425	35	565	3	121	8	401	2	291
chr3	36992663	36993866	119	2375	145	1100	93	1204	0	661	107	892	1	250	18	945	39	802	53	1720	30	861	0	647	67	931	362	1386	162	1687	192	1489	430	1774	863	2848	46	1278	51	156	181	759	0	373	41	573	16	546	45	631	25	497	0	237	18	635	25	344	0	474	15	532	1	636	0	339
chr3	136819210	136820334	68	918	27	120	159	477	32	399	206	395	2	235	9	554	21	370	73	1036	34	608	1	255	15	254	167	460	216	627	36	439	218	625	324	1196	12	556	20	62	39	176	4	146	3	256	4	186	1	127	5	155	9	289	9	320	0	76	0	204	0	145	1	188	12	87
chr3	179451507	179452011	28	1077	47	386	379	750	34	564	32	556	0	122	27	510	32	407	102	1447	26	499	2	252	18	313	632	869	119	713	243	421	228	627	325	845	18	640	18	50	60	287	3	296	4	257	10	393	2	164	2	137	9	143	7	287	3	88	7	338	2	176	10	202	0	95
chr3	194687074	194687950	159	1405	200	466	526	858	493	989	452	733	187	211	104	958	419	594	112	2256	46	837	27	305	40	773	820	1033	290	774	376	877	351	1349	1195	1880	72	1029	77	170	82	331	57	549	40	432	56	554	35	422	58	357	37	510	24	553	48	556	63	510	28	314	33	541	20	233
chr4	30717745	30719318	52	1012	174	369	147	369	73	465	135	380	19	136	35	373	19	317	59	665	30	575	19	294	38	236	228	861	80	610	145	423	216	927	359	1179	59	643	39	127	54	227	7	324	3	173	5	162	5	283	1	159	8	213	10	284	8	268	9	273	4	196	18	286	12	151
chr6	19837320	19838280	199	2405	138	372	411	1053	119	1114	390	794	5	324	91	1437	50	711	393	1673	68	1013	43	470	62	601	317	1280	357	981	151	1158	355	934	887	3154	112	1109	37	124	37	145	22	581	44	586	28	530	19	554	18	442	63	533	19	639	13	180	77	523	4	436	46	574	22	631
chr7	100816553	100816901	192	206	51	55	49	58	98	122	49	52	23	29	66	82	38	47	137	156	27	33	44	50	29	57	96	118	59	74	57	93	91	139	211	249	58	83	20	21	31	39	35	44	49	57	23	31	35	48	30	37	39	48	32	39	39	50	43	60	27	30	32	47	12	16
chr8	38787753	38788340	187	943	306	500	29	551	106	380	79	560	0	120	24	391	19	294	50	428	58	455	0	230	49	413	115	648	176	509	275	458	353	790	306	1397	31	496	17	88	68	296	3	246	1	256	0	105	0	136	0	117	0	227	0	171	0	214	0	89	0	126	0	141	10	137
chr8	98939888	98940337	230	858	370	581	413	547	117	308	235	343	1	84	70	394	123	241	65	513	26	373	9	221	2	171	574	663	144	339	28	244	359	734	302	952	47	489	64	115	64	132	1	84	16	145	0	139	1	152	26	315	6	202	4	267	3	123	2	162	0	115	42	271	4	126
chr8	105318765	105319323	65	1276	148	306	418	756	9	454	146	266	1	138	25	435	7	430	16	941	22	520	0	178	14	318	325	1074	71	440	166	552	372	892	236	1133	27	638	24	76	69	200	1	212	11	411	20	308	2	337	21	271	16	204	29	324	0	206	3	202	1	236	4	143	1	118
chr9	110579116	110579635	25	1079	146	254	456	765	74	713	128	270	33	167	251	626	157	355	38	948	15	759	16	336	7	392	545	819	221	689	461	693	308	948	436	1532	35	660	8	57	34	122	0	194	46	294	5	272	2	285	2	235	23	459	8	348	2	236	11	415	10	263	1	401	29	175
chr1	39540600	39541806	218	346	96	125	196	228	136	181	70	103	36	39	112	232	113	129	293	325	150	174	84	100	67	93	206	241	182	244	146	221	208	262	393	495	203	255	39	51	48	88	38	75	60	70	70	82	65	90	59	76	67	82	43	61	64	86	66	84	52	78	54	81	40	58
chr1	43833779	43834571	230	293	116	130	131	170	103	132	80	120	40	46	99	167	108	138	143	250	95	124	53	74	56	69	177	229	132	177	159	226	170	271	298	412	141	238	18	32	70	102	31	76	27	40	33	64	18	44	28	55	42	82	26	60	30	54	29	47	9	36	43	88	15	34
chr1	155675833	155676116	246	266	66	71	96	104	31	37	80	91	47	48	96	100	96	103	169	178	56	72	57	62	46	57	110	126	101	128	79	90	106	110	135	152	89	95	4	6	14	14	12	15	17	34	48	54	27	28	25	28	20	24	13	14	24	34	11	14	18	26	25	29	31	35
chr12	26360086	26360373	78	117	33	38	51	59	22	24	69	79	1	1	26	31	30	31	150	156	54	63	35	36	18	21	107	132	67	84	72	78	97	145	154	209	61	81	17	23	33	37	22	27	11	16	19	41	16	18	12	13	30	46	5	6	23	33	19	20	8	9	10	16	21	28
chr12	128807190	128807675	177	234	29	30	60	80	86	102	50	62	18	21	52	79	81	82	94	112	68	75	63	73	26	32	174	202	108	146	84	110	199	227	287	345	128	138	13	16	16	35	29	30	30	39	41	54	46	56	32	37	45	55	28	34	28	33	27	28	24	25	41	43	32	35
chr13	113272629	113273155	80	97	54	56	39	43	70	89	58	72	28	38	45	59	73	79	97	104	60	66	9	12	65	72	163	175	72	106	102	122	81	113	189	234	46	69	16	19	26	34	14	30	25	40	19	32	9	12	27	39	24	50	30	43	23	42	10	19	16	37	43	50	12	27
chr16	4682433	4682726	172	356	148	169	92	96	107	121	220	240	34	38	79	128	63	70	138	167	66	75	19	41	56	76	143	162	69	83	69	84	184	216	302	354	129	162	16	25	31	40	15	23	20	23	39	43	63	80	37	49	35	59	38	58	41	48	29	36	17	22	13	32	18	31
chr16	11814862	11815562	225	270	108	123	99	114	62	72	91	117	36	42	63	98	76	94	250	281	111	143	50	62	53	79	124	155	59	89	108	144	158	198	250	331	109	142	17	23	29	46	30	51	34	61	35	42	42	65	53	74	21	39	41	51	27	53	34	62	17	21	37	64	28	51
chr16	85046452	85046720	41	69	53	58	34	36	29	38	40	45	22	22	57	71	33	35	76	83	92	104	43	45	87	92	90	98	58	68	64	75	100	137	162	193	58	80	10	13	38	51	9	21	21	32	7	10	7	20	9	23	29	45	42	59	15	32	22	29	14	29	32	49	7	9
chr19	40363450	40364153	203	244	104	131	94	115	66	86	103	135	50	65	112	141	107	135	145	171	54	81	46	58	38	60	188	216	89	124	59	79	103	143	308	393	129	153	13	18	54	60	43	54	22	32	27	38	63	73	26	35	54	76	24	38	9	14	50	62	23	32	41	55	14	32
chr19	51811381	51811656	46	68	43	54	23	33	21	27	27	33	17	19	87	112	37	47	102	122	60	78	36	41	47	57	95	145	62	81	36	65	132	162	221	282	49	69	17	23	10	17	2	4	17	25	16	20	31	33	32	43	23	25	23	26	37	46	18	25	15	23	48	53	19	21
chr19	55326430	55326947	197	259	156	176	54	69	83	103	126	154	54	62	80	206	82	103	198	230	136	167	40	55	67	85	125	153	122	167	109	138	129	201	364	458	123	180	25	35	40	49	5	10	11	39	7	34	39	59	3	22	44	95	19	63	17	48	13	25	8	28	32	41	5	11
chr2	10034080	10034579	194	231	98	101	136	148	49	60	101	118	42	48	127	171	119	124	126	145	78	102	31	35	177	202	239	258	89	116	144	153	235	271	527	613	166	197	13	16	41	57	48	57	89	106	70	81	38	50	27	39	50	56	89	119	39	45	60	70	32	34	46	56	41	55
chr2	74079939	74080695	139	192	84	98	129	151	54	77	62	85	62	63	89	123	102	114	123	145	102	122	35	57	58	70	171	197	120	152	136	187	178	239	351	463	73	109	13	22	23	39	16	19	54	76	27	31	37	53	43	56	36	46	21	31	38	53	34	48	32	42	28	43	18	24
chr2	101309692	101310115	193	257	179	191	131	136	54	79	73	97	65	69	95	126	86	107	219	247	88	117	79	86	143	180	328	385	172	237	192	228	292	375	378	447	153	176	29	48	42	66	16	62	37	72	49	74	18	26	20	38	12	41	48	78	14	28	26	41	15	46	9	18	30	40
chr2	239303029	239303568	273	354	124	133	161	179	71	104	153	183	36	37	167	215	136	150	155	168	130	174	47	56	105	117	343	373	162	222	145	186	270	325	466	581	174	199	42	54	32	41	71	96	42	57	40	54	138	163	46	75	57	72	41	63	57	72	90	115	20	32	65	94	37	51
chr6	341064	341666	259	593	172	197	249	378	377	481	145	187	244	249	296	574	215	241	557	613	195	249	155	172	139	180	414	479	279	366	370	434	595	780	942	1226	335	449	30	41	176	204	128	160	118	186	142	195	157	266	160	249	166	239	192	247	154	178	171	265	93	129	47	87	40	61
chr7	155769105	155769401	74	131	35	37	46	50	33	48	23	29	20	21	57	59	53	57	61	65	58	63	11	11	44	50	118	124	45	51	80	101	82	99	115	147	44	63	14	19	26	37	27	35	24	33	47	66	23	25	23	35	46	51	22	33	13	19	27	33	28	30	26	31	11	11
chr8	673289	673908	288	421	67	82	98	127	205	240	84	92	57	60	206	248	199	204	193	218	151	167	81	88	98	129	278	296	240	308	234	297	336	434	566	656	167	264	9	12	112	136	69	73	125	161	71	78	95	126	29	29	175	208	83	108	51	71	114	127	64	81	103	103	38	43
chr8	43103265	43103840	94	124	85	96	110	121	52	67	46	56	59	59	94	110	97	98	222	227	118	125	54	54	79	87	181	190	91	116	106	111	149	191	351	413	156	176	28	29	33	54	56	58	58	62	65	78	48	50	26	27	57	58	99	114	69	70	75	76	28	29	90	96	14	15
chr8	142325936	142326624	356	454	178	191	399	487	273	298	179	203	90	96	276	334	159	210	296	336	148	164	92	97	98	115	510	621	221	234	194	212	448	556	654	741	246	298	77	82	55	64	71	122	71	122	55	87	117	177	165	218	192	241	157	216	84	107	30	62	17	25	92	153	48	59
chr9	126718899	126719446	146	189	105	120	106	122	24	37	62	89	39	44	45	85	78	91	156	189	112	162	36	51	52	82	240	292	108	149	98	144	121	156	243	303	68	104	10	18	57	88	23	46	42	59	30	45	40	60	22	31	36	50	31	39	18	34	33	41	25	34	51	60	26	43
chr9	136067040	136067515	259	303	91	103	133	158	96	124	96	106	43	45	139	174	116	135	217	253	116	140	79	89	128	172	248	293	119	133	119	137	245	291	370	428	95	128	9	10	67	84	41	47	41	48	29	34	49	61	43	48	63	86	51	74	41	44	52	58	0	2	38	44	16	23
chr1	2290879	2291283	146	407	45	107	58	142	67	146	19	89	36	37	37	198	64	112	93	148	23	192	1	86	50	91	251	313	48	164	32	92	74	200	313	505	34	188	18	31	2	33	0	42	1	22	0	107	5	124	8	54	0	74	0	70	0	54	0	37	0	25	1	55	0	60
chr10	485027	485434	160	243	95	99	37	199	53	317	89	101	38	82	68	124	76	162	47	229	37	141	57	97	15	83	127	337	103	233	95	177	247	303	309	478	139	250	24	27	44	75	31	35	35	99	37	77	47	67	14	59	48	118	82	108	38	40	82	100	55	106	64	81	34	88
chr10	114874972	114875239	106	176	59	73	31	43	46	63	54	76	28	34	44	134	94	121	162	183	28	63	31	40	37	94	116	154	96	147	58	87	123	252	137	251	43	129	2	9	26	41	5	74	0	37	0	70	1	42	4	50	6	26	0	56	5	23	3	69	0	38	8	66	6	46
chr12	53677183	53677518	353	662	82	258	167	217	122	209	187	270	0	70	5	135	132	232	35	190	73	206	6	99	7	168	131	373	35	289	78	369	50	557	151	671	14	214	16	32	21	109	0	89	2	131	15	197	4	34	5	93	4	65	0	111	0	61	2	80	2	52	1	107	0	10
chr13	50129557	50129818	66	277	76	155	71	119	87	177	92	138	31	31	57	92	52	67	95	161	34	89	8	33	82	130	227	251	79	180	103	195	109	224	277	442	97	189	17	32	78	136	13	47	0	32	7	69	2	35	16	42	3	41	1	15	4	30	10	47	4	37	11	73	3	36
chr13	112780294	112780872	178	217	79	90	76	102	129	161	45	62	38	49	192	223	45	118	226	261	183	228	72	89	82	104	242	272	190	242	187	230	190	240	546	658	200	265	38	49	61	93	49	68	78	98	33	38	61	73	90	105	91	116	66	87	66	88	68	86	39	61	53	66	30	36
chr15	73998214	73998489	195	272	109	128	133	135	139	145	101	118	52	56	121	232	93	104	347	359	124	208	160	171	143	150	389	400	196	221	130	141	306	328	448	482	108	213	14	17	102	123	69	85	45	56	51	64	66	79	36	43	58	58	82	95	96	126	81	92	29	32	63	81	32	40
chr15	89406973	89407766	140	913	113	234	475	752	116	509	99	177	189	215	40	368	206	265	541	650	8	349	12	159	21	137	528	657	101	327	244	432	232	508	348	1131	46	623	20	50	18	75	6	267	17	144	3	92	2	130	2	85	2	102	3	176	3	175	8	181	1	122	0	148	3	153
chr16	87507630	87508428	119	283	39	71	76	137	51	119	29	60	47	50	116	226	170	252	215	250	129	195	72	139	80	219	229	318	126	214	122	227	214	415	356	655	96	208	5	17	62	118	22	111	46	99	44	125	36	104	40	96	26	96	28	75	36	129	43	133	19	83	19	90	36	96
chr17	49964541	49965210	263	743	152	254	257	404	50	182	141	204	96	114	92	274	192	263	337	420	122	275	10	102	40	114	379	529	47	267	240	363	172	316	429	760	103	344	52	89	37	134	6	90	9	74	4	97	5	78	9	132	6	95	12	76	7	67	7	157	10	48	1	50	3	59
chr18	24027009	24027722	198	303	101	132	144	183	79	105	96	143	62	75	77	197	80	104	357	502	79	150	58	87	68	92	204	246	213	263	134	192	215	270	310	397	119	258	17	39	56	89	38	61	47	87	60	75	42	62	51	64	46	73	17	20	29	39	37	75	21	43	74	88	40	51
chr18	76435525	76436297	117	131	54	65	113	133	53	58	52	58	28	30	91	139	84	103	65	70	94	112	57	60	23	28	135	151	88	103	112	133	145	179	316	372	100	127	5	9	49	59	27	46	40	57	40	51	22	37	19	32	46	55	37	46	46	58	31	35	46	51	39	47	23	37
chr2	91442239	91442793	619	3380	247	491	823	1359	308	1435	395	974	282	408	123	890	567	861	614	802	340	1278	60	455	109	566	1495	2005	398	930	790	1113	538	1396	1635	4188	216	1044	97	250	54	233	73	777	96	434	63	429	86	390	66	482	52	383	98	461	55	365	88	836	70	499	127	573	47	404
chr2	114661965	114662589	105	739	95	182	252	464	65	274	76	204	58	79	105	411	206	335	528	651	150	320	11	283	70	112	629	805	182	565	235	401	296	589	507	1133	39	456	21	73	70	207	41	362	17	199	78	193	5	305	44	207	30	147	3	277	20	190	14	264	31	168	29	263	6	94
chr5	40681016	40681917	581	1513	397	659	784	1181	254	612	565	966	8	308	73	1099	151	540	1328	1552	33	867	39	474	14	736	504	1951	538	1268	155	1124	617	1597	646	2100	58	1195	90	129	206	485	1	419	25	529	2	485	1	535	3	683	6	371	1	359	1	343	8	351	21	461	8	471	22	288
chr5	150520841	150521710	635	727	341	402	350	385	259	286	330	404	173	182	279	360	172	201	431	450	235	329	137	151	173	206	677	697	342	384	396	456	497	595	918	1034	448	501	41	49	72	89	179	200	90	125	144	171	207	218	129	161	106	128	114	135	88	114	111	133	107	126	115	129	97	136
chr7	91266854	91267560	511	627	146	291	140	164	236	262	201	240	103	138	116	227	172	193	211	226	111	305	73	178	131	195	453	495	233	326	307	426	432	552	607	763	243	397	47	63	99	135	115	125	120	134	71	95	105	125	76	103	86	93	115	130	98	112	95	114	25	29	112	128	66	101
chr8	53657113	53658213	40	985	113	664	108	487	20	311	73	465	128	184	145	316	151	341	384	625	79	313	14	252	25	324	325	852	60	519	64	436	76	865	466	1204	157	549	25	66	43	155	11	201	10	226	5	152	11	133	16	159	28	222	4	183	3	64	8	233	1	76	32	192	7	108
chr8	96157460	96158082	190	767	117	242	290	613	39	272	95	251	43	43	90	387	137	228	399	477	25	241	4	118	51	155	645	818	57	242	186	314	176	434	310	940	41	293	49	79	25	69	3	182	9	171	0	161	2	95	8	133	13	209	5	167	7	67	2	232	3	103	16	155	3	126
chr8	141240048	141240528	153	194	100	109	81	95	55	65	66	76	29	34	43	122	36	55	98	124	26	72	25	51	90	109	213	229	99	126	94	109	116	226	205	257	42	118	45	65	33	59	27	49	22	32	18	25	31	72	39	63	51	86	70	98	28	52	19	33	32	45	29	43	23	33
chr9	97856996	97858437	226	913	84	198	168	421	163	491	183	345	255	355	163	555	378	542	527	673	315	607	32	242	66	241	782	1044	276	708	306	495	406	988	449	1404	151	553	23	31	103	262	15	246	29	316	17	274	41	446	13	216	50	395	18	317	17	278	13	164	23	128	34	159	6	151
chr9	124016363	124016959	130	437	61	125	84	198	44	111	94	149	72	73	104	179	99	166	120	148	196	287	39	78	26	122	193	295	21	111	55	141	131	340	236	565	53	126	15	27	20	37	6	89	10	46	2	47	11	91	6	85	7	140	16	77	4	55	17	70	2	90	2	97	4	49
chr9	124017851	124018987	269	1581	139	349	191	520	222	746	122	374	113	126	128	630	253	434	282	569	258	712	27	196	35	336	594	856	125	522	179	412	215	663	346	1320	117	590	6	26	53	150	6	143	8	210	8	183	9	157	22	165	15	218	12	352	13	157	14	221	13	194	4	238	1	105
chr1	12197921	12198244	130	136	68	83	105	122	83	98	97	106	53	60	114	129	85	106	102	115	159	187	40	43	69	82	138	157	51	63	88	107	192	210	255	274	159	180	7	15	22	32	81	86	61	72	45	56	66	73	24	27	71	76	75	85	50	52	62	65	37	37	46	52	22	26
chr10	11404902	11405177	54	100	21	30	58	75	56	89	50	67	31	31	49	68	42	47	65	76	67	79	33	43	17	40	139	203	43	110	59	79	134	164	184	258	45	81	3	7	25	34	40	42	47	49	54	56	31	39	21	21	35	43	55	57	38	39	21	21	0	0	55	57	53	56
chr10	114496783	114497712	273	339	184	217	174	188	111	123	164	198	34	36	155	171	161	190	356	402	185	237	124	134	135	164	452	518	322	361	180	226	260	320	476	589	215	273	31	39	110	128	50	68	73	82	118	138	56	71	126	139	115	141	59	68	79	83	101	114	47	58	65	68	65	71
chr11	68273570	68274025	134	183	54	64	130	151	71	82	88	122	25	37	108	132	113	142	176	183	174	203	58	75	85	101	194	234	106	145	97	145	144	173	273	358	61	162	9	21	21	44	50	55	24	31	72	83	62	74	52	55	36	38	66	73	29	45	30	36	21	24	13	14	26	36
chr12	132070381	132072112	332	377	107	117	169	187	177	206	143	166	82	89	152	177	148	160	245	263	160	192	92	118	80	91	323	349	204	267	180	208	373	437	415	503	205	236	25	37	57	75	72	77	83	89	113	127	88	96	61	68	79	89	98	109	64	71	98	105	62	66	57	65	41	47
chr14	103691529	103692443	220	255	80	95	119	127	67	74	103	118	21	25	119	154	115	132	139	145	79	93	45	50	64	72	201	223	132	158	139	171	186	219	274	332	192	208	25	34	53	61	43	47	32	37	55	68	46	48	27	29	48	50	41	46	35	36	46	52	46	49	33	49	37	39
chr16	87700996	87701912	401	480	98	106	185	206	201	233	140	151	100	102	308	343	199	207	373	397	223	251	48	58	70	81	314	339	178	211	153	209	402	444	610	763	255	279	36	38	68	84	44	50	95	103	82	100	197	240	165	200	125	137	215	231	81	97	139	162	70	89	94	121	54	72
chr16	88069453	88069999	147	181	58	62	89	97	49	62	46	54	32	34	99	127	60	71	134	152	123	145	24	29	21	42	158	171	91	104	101	122	168	209	307	390	140	165	15	25	21	33	40	46	30	36	31	43	43	63	41	48	39	50	49	62	33	52	17	17	19	27	27	42	18	23
chr17	82871247	82871822	314	364	139	151	245	251	765	838	169	207	34	52	196	230	115	156	341	367	119	176	59	72	82	104	344	376	205	248	282	340	323	383	463	567	194	232	16	21	67	86	47	51	53	71	79	89	109	124	76	79	98	108	72	85	142	159	92	99	55	60	70	77	30	33
chr18	55423693	55424083	208	278	98	128	66	88	67	78	39	66	70	71	152	168	98	119	240	249	93	113	85	96	59	79	155	172	118	162	132	176	184	216	405	504	111	124	22	30	66	82	62	66	85	95	36	41	32	34	85	91	68	73	69	73	71	72	38	42	19	22	47	54	23	24
chr19	1660708	1661552	257	412	129	228	144	220	92	144	83	167	69	73	124	170	135	166	79	185	137	257	56	69	56	142	214	286	118	204	80	156	134	277	299	478	144	197	21	39	23	51	35	55	49	63	41	50	89	108	62	91	50	86	47	52	38	55	61	93	51	69	41	80	36	59
chr19	4432033	4432560	210	303	134	157	124	142	131	156	111	137	61	68	90	116	149	173	104	116	224	305	36	41	67	72	191	218	132	169	78	108	153	232	361	470	79	128	17	28	23	48	18	72	31	72	9	23	31	48	32	63	28	72	27	68	18	56	36	89	6	21	44	80	39	69
chr2	46549240	46550231	119	152	83	99	64	94	24	31	53	69	31	39	73	99	83	92	151	162	70	88	42	47	43	66	156	167	101	127	86	117	141	186	247	358	65	104	12	20	31	46	40	50	48	56	36	54	33	41	15	16	36	42	33	45	27	33	23	29	28	37	36	47	25	34
chr2	60971893	60972726	306	338	137	151	200	238	131	150	235	270	67	86	195	226	200	245	119	580	230	289	117	135	177	242	352	399	314	356	273	353	433	517	529	672	227	251	41	57	125	146	172	188	176	202	83	94	61	63	54	58	166	175	44	45	101	121	116	122	145	169	137	148	75	83
chr20	33408706	33409623	221	261	89	99	130	150	93	103	121	144	105	109	91	137	83	97	173	209	136	158	42	53	95	117	300	330	108	146	131	175	160	206	528	628	143	157	15	16	20	22	25	39	69	104	70	97	39	54	52	62	47	69	41	51	53	64	41	48	39	44	51	72	20	28
chr20	50810031	50811081	292	317	130	140	274	293	180	195	286	304	68	76	134	162	129	150	244	273	181	210	85	102	289	358	347	404	119	148	230	275	214	257	699	819	134	160	21	34	52	58	99	103	58	69	56	59	60	68	71	76	81	99	79	87	38	38	97	119	40	47	30	35	76	97
chr22	40413664	40414237	241	273	90	99	72	79	104	137	85	96	44	46	118	152	102	128	225	240	79	109	20	21	104	133	245	260	90	133	114	170	178	217	254	346	92	150	28	36	55	68	61	63	36	39	67	69	68	69	60	65	74	78	26	29	45	46	58	66	17	26	44	45	61	63
chr3	169846377	169847250	156	168	36	49	147	152	62	71	63	72	26	32	60	94	85	103	350	392	106	149	58	68	141	156	172	196	158	180	121	132	162	186	283	331	110	135	15	20	33	54	45	65	51	69	47	64	25	33	34	43	50	61	38	53	50	66	37	49	25	38	56	70	39	64
chr5	133933692	133934577	217	253	48	56	123	140	118	140	80	85	44	47	123	150	97	116	153	166	70	93	26	34	36	48	230	253	70	102	71	101	158	203	318	373	104	131	14	19	30	35	30	31	27	37	44	57	82	93	63	71	66	79	44	54	43	54	64	72	37	50	39	51	24	31
chr6	167113564	167114316	293	307	88	100	108	145	111	132	128	148	36	44	114	153	77	118	227	248	110	162	26	43	55	90	207	260	129	191	141	210	159	252	226	379	104	131	10	24	43	94	107	126	60	70	49	62	47	53	61	79	71	98	61	67	71	82	89	110	35	44	48	56	68	86
chr8	11494516	11494938	116	137	15	19	19	25	43	53	34	40	69	72	73	89	58	68	88	96	52	64	46	63	34	49	105	123	62	84	64	95	132	168	208	264	53	66	13	19	22	39	23	29	74	78	40	41	39	40	40	43	22	26	35	37	45	47	24	25	28	30	33	45	33	36
chr9	136225403	136225690	189	249	60	66	78	90	134	172	72	90	52	52	74	100	108	120	121	140	133	158	50	59	65	85	194	209	70	107	67	89	143	206	200	266	86	97	8	10	27	33	24	47	7	27	22	36	54	79	43	59	44	55	30	44	34	53	36	77	21	39	38	62	19	33
chr9	137758954	137759396	180	189	28	32	105	112	81	93	49	55	47	55	101	122	47	50	95	101	115	136	41	42	75	84	165	174	98	105	100	105	198	216	213	245	80	97	12	18	43	44	23	25	37	37	33	33	60	65	65	65	38	39	71	72	38	41	59	71	48	50	36	47	15	15
chr1	2133237	2133702	87	847	36	414	26	387	55	300	71	151	1	211	14	427	41	160	22	323	22	367	0	94	0	211	144	748	21	404	18	195	19	572	275	1127	39	493	16	42	31	147	0	49	0	69	0	124	0	171	0	109	2	76	3	248	0	147	1	127	0	114	1	165	1	74
chr1	150968686	150969343	132	337	42	84	73	154	27	61	37	163	42	45	100	117	69	80	266	284	91	103	59	63	57	62	276	293	111	120	119	130	176	195	437	461	169	187	24	28	81	92	52	55	44	51	81	89	55	55	30	33	94	101	62	69	51	55	77	82	47	52	75	80	32	33
chr11	3160323	3160626	2	342	7	121	8	158	46	191	81	105	0	57	19	217	16	137	31	253	15	155	0	73	15	152	57	287	37	138	14	177	20	396	136	464	11	265	21	37	8	31	0	95	9	45	0	44	2	118	0	32	5	84	0	101	0	55	0	58	0	80	4	61	1	26
chr11	126416557	126416860	236	527	106	157	119	226	28	147	108	180	1	46	0	296	23	312	35	281	5	371	1	145	5	135	66	368	81	329	47	124	21	324	348	600	5	358	11	39	50	158	2	181	1	128	0	70	1	108	1	141	2	105	0	136	0	97	0	79	0	36	4	25	0	96
chr13	30916161	30916552	76	213	33	69	31	136	35	80	30	52	40	40	125	177	115	122	212	227	164	200	78	83	70	106	207	235	153	199	142	186	191	243	269	404	172	198	2	7	43	48	32	42	51	53	41	56	47	53	48	49	88	93	45	47	45	47	42	48	52	55	69	79	47	60
chr14	69769522	69770523	373	419	93	220	51	173	51	100	96	253	52	52	258	294	236	250	191	195	212	239	148	157	141	162	328	348	315	340	265	345	418	443	599	655	227	251	34	34	177	188	110	120	73	78	63	64	68	74	51	52	140	143	90	93	82	90	120	122	63	67	120	129	91	97
chr16	2756210	2756571	483	650	262	300	144	294	124	260	153	248	73	75	251	315	153	170	671	720	309	352	108	125	187	225	254	271	240	270	192	274	448	494	724	778	214	284	34	42	71	80	55	57	179	193	29	32	94	97	104	110	63	71	127	131	134	146	133	148	101	107	68	75	80	91
chr17	39704091	39704552	103	211	93	229	48	120	194	891	43	117	32	33	89	107	28	54	4536	5941	72	95	91	99	52	67	162	190	92	120	93	135	143	178	236	273	78	163	17	25	34	39	34	34	31	34	30	38	74	77	53	53	14	15	62	71	27	31	38	43	16	18	19	22	30	35
chr17	50863678	50864028	26	68	29	98	11	48	10	18	22	50	0	2	20	24	4	25	46	67	24	32	19	45	27	53	104	134	57	77	29	89	75	87	102	117	23	44	19	32	15	19	20	21	21	24	14	14	18	19	13	14	23	26	10	11	17	17	11	12	22	22	18	19	14	16
chr17	59155014	59155973	19	880	76	448	11	512	6	156	59	318	0	92	43	458	34	271	33	565	14	361	0	204	7	242	185	889	23	552	143	855	47	788	295	1130	11	382	58	160	63	333	0	194	0	185	0	217	2	126	6	137	0	234	0	162	8	165	8	184	0	201	0	252	6	150
chr18	22166330	22167605	269	864	330	473	266	421	125	297	149	250	113	145	201	439	168	287	369	442	171	468	21	312	44	232	128	572	111	672	116	641	71	762	429	1238	149	592	56	124	72	201	27	164	21	104	1	96	7	143	28	225	29	210	10	193	18	185	24	249	11	156	6	180	12	119
chr18	22171620	22172048	270	700	254	427	349	575	220	448	159	263	1	115	39	704	132	286	11	700	12	493	1	118	23	167	238	741	55	635	57	562	85	872	343	964	33	911	43	54	56	160	21	355	38	347	20	232	26	352	13	296	36	280	32	356	14	170	39	470	11	145	22	374	23	302
chr19	38792614	38792940	137	472	76	135	139	255	143	234	213	268	1	70	22	157	12	164	195	312	8	217	40	131	18	103	187	305	105	210	51	202	77	256	455	721	41	276	8	33	36	109	5	72	2	72	0	13	5	83	4	107	3	31	6	170	2	90	4	62	6	61	3	84	0	46
chr2	176157559	176158126	334	541	85	144	122	162	44	193	183	241	0	144	28	158	10	185	194	459	29	324	24	68	18	172	156	546	81	270	85	367	97	477	360	928	182	313	28	53	52	69	2	87	15	136	3	124	4	84	4	106	7	134	15	192	7	96	12	132	4	63	16	209	6	130
chr20	21100433	21101313	283	974	151	243	365	577	197	471	133	285	169	200	75	534	40	366	35	725	24	779	20	266	18	553	677	941	93	554	298	666	150	755	865	2060	65	643	15	59	100	287	7	265	4	293	8	207	7	328	7	187	3	249	9	204	2	182	0	215	3	262	5	300	4	257
chr20	63912227	63912907	104	282	74	148	79	189	49	152	58	114	75	138	138	176	109	167	182	222	165	212	29	58	204	228	366	416	136	174	110	163	189	248	484	549	126	223	28	50	36	52	21	25	40	40	41	49	72	77	51	56	99	116	56	66	32	40	47	55	50	58	35	54	45	54
chr22	19723247	19723629	284	554	120	161	197	245	287	448	144	180	11	144	98	524	25	100	125	561	49	295	12	70	51	151	106	413	51	205	18	181	24	385	437	1153	182	361	32	91	40	70	0	39	1	160	2	128	1	92	13	160	4	183	2	123	7	93	30	123	3	74	0	77	2	93
chr22	29336696	29337786	171	371	77	203	66	85	39	146	48	110	44	51	160	173	82	113	218	242	148	177	42	49	65	81	155	166	122	142	103	122	194	213	349	381	143	169	16	22	33	39	42	53	72	89	57	61	84	91	57	83	62	67	50	57	50	59	60	76	48	57	56	61	76	100
chr3	50340405	50340776	295	816	203	697	293	407	213	348	306	705	1	78	20	284	39	263	95	771	1	337	10	85	5	439	274	604	10	522	51	434	125	684	487	1443	202	632	22	41	48	165	2	249	22	226	0	213	2	171	0	159	0	298	1	205	2	265	0	136	9	151	0	170	1	138
chr5	1874573	1875097	73	289	36	56	180	275	81	220	114	145	27	50	33	159	43	259	109	162	55	171	1	45	11	104	176	230	8	167	109	188	76	323	170	571	14	126	15	36	10	48	5	95	0	73	3	86	4	117	5	54	3	83	2	70	6	44	0	23	2	38	1	21	1	58
chr5	42991785	42993434	508	1630	275	626	1063	1499	253	846	515	980	5	442	80	1127	25	755	93	1612	46	1003	49	555	55	777	434	2257	126	1483	152	1133	307	1933	795	2995	75	1556	63	212	164	824	0	428	2	506	2	368	0	420	12	364	0	364	17	470	2	309	23	324	0	443	7	549	0	260
chr5	43017867	43019166	665	1870	220	672	1020	1344	446	875	551	1076	0	241	72	1070	48	805	98	1667	40	1008	37	583	52	757	406	2146	117	1719	127	1093	117	2430	911	2829	126	1568	75	236	151	736	1	492	0	330	0	415	0	528	0	319	2	438	1	430	2	211	24	367	0	259	5	363	8	190
chr9	101485966	101486780	169	975	97	228	388	680	111	514	113	269	11	195	25	648	59	379	54	912	42	744	16	577	27	555	395	1493	56	683	81	722	40	975	400	1493	15	639	19	55	46	217	6	290	43	367	33	422	11	369	38	314	6	145	2	259	20	222	1	250	2	151	61	374	8	175
chr1	32387133	32387446	136	136	42	56	69	78	52	59	30	33	22	26	27	34	100	113	127	141	99	123	31	34	26	27	64	66	47	54	44	52	110	121	94	113	68	79	15	23	17	25	33	36	1	1	15	15	33	38	9	12	48	48	13	13	22	22	19	24	26	28	3	4	10	10
chr1	154460951	154461220	78	98	32	38	34	47	11	15	39	56	9	14	28	43	34	44	116	148	25	35	25	34	11	22	77	97	32	60	40	61	59	96	109	162	19	34	14	18	29	36	18	32	13	21	21	38	13	21	16	22	18	27	13	15	11	18	5	10	4	15	17	21	9	13
chr1	234408563	234408943	191	204	72	83	103	111	71	78	70	85	45	50	94	99	93	99	194	203	125	129	53	58	83	91	159	170	141	157	108	128	207	239	257	299	90	96	15	23	49	65	51	57	47	60	47	57	53	69	46	46	56	57	32	41	39	43	63	92	51	63	27	34	22	26
chr10	5754161	5754516	119	129	98	100	85	86	38	44	53	58	28	34	63	73	72	76	127	132	74	80	26	38	37	53	172	176	112	119	99	105	163	185	194	213	90	99	7	7	67	75	45	46	32	40	36	41	25	26	34	41	53	55	51	59	54	56	29	32	21	29	20	29	47	52
chr11	60983221	60983817	84	101	81	108	53	78	49	66	44	59	21	25	40	58	68	74	74	84	48	85	35	41	53	69	125	148	64	86	75	101	120	172	176	224	66	80	11	17	20	25	22	24	30	37	28	32	20	26	40	41	38	56	36	38	24	29	21	29	7	9	14	20	26	27
chr11	61065906	61066287	192	239	69	88	130	162	76	105	67	101	55	58	147	204	101	118	194	218	122	163	36	48	73	90	178	216	97	123	65	91	166	266	274	349	126	152	13	15	61	81	47	86	20	30	34	78	27	80	43	70	67	100	36	71	55	81	47	71	19	30	30	59	3	6
chr12	3905781	3906252	97	105	42	48	15	20	28	31	34	44	6	6	57	65	52	61	254	258	52	64	31	36	23	29	106	134	57	79	68	94	100	131	152	183	43	65	12	18	19	29	35	37	25	27	31	38	15	21	40	43	28	30	28	32	23	24	11	12	28	30	45	52	9	9
chr13	99305926	99306257	96	124	32	35	59	75	38	68	61	80	14	16	56	80	69	75	75	89	76	119	51	59	82	96	114	146	79	106	93	102	124	162	188	243	96	122	11	15	44	71	16	23	12	28	4	10	15	18	14	16	31	43	20	23	19	22	10	16	21	26	32	51	24	27
chr15	90539856	90540126	53	60	36	44	32	35	16	18	50	57	1	2	37	39	35	40	105	128	19	24	34	38	43	44	63	74	73	75	44	51	103	121	126	136	39	41	13	14	38	49	20	21	18	31	9	18	10	15	26	29	26	44	12	12	16	18	15	18	1	6	11	15	11	16
chr15	101697508	101698076	80	94	31	32	119	131	39	46	40	53	18	18	57	75	62	68	140	153	47	62	51	51	17	28	103	115	89	102	56	63	106	130	181	212	96	113	3	3	42	44	38	40	14	17	45	55	24	32	16	23	77	82	42	45	33	42	22	27	22	26	27	32	25	34
chr16	27281283	27281712	85	112	41	48	40	58	20	27	46	66	15	17	35	43	44	58	97	108	29	41	11	15	22	35	44	52	35	61	32	48	58	89	82	140	49	63	6	10	23	28	11	15	26	32	15	15	7	10	22	23	24	30	22	23	24	26	10	18	4	17	18	20	19	29
chr16	50746092	50746393	36	40	24	27	35	41	60	68	21	30	6	6	27	35	31	32	50	63	40	60	37	43	39	48	55	60	60	67	51	61	63	85	73	107	55	68	12	19	19	25	26	28	21	23	10	14	10	17	15	15	22	27	9	10	17	18	9	19	11	11	15	25	7	8
chr17	35240900	35241406	104	108	60	68	54	58	36	41	34	44	18	19	88	105	60	62	153	171	56	77	58	60	44	54	151	166	86	95	110	128	144	159	166	209	109	118	24	25	26	34	23	26	32	40	31	33	37	40	27	31	48	49	16	21	32	38	18	29	8	12	25	28	10	10
chr19	3555147	3555396	130	151	113	118	75	87	51	57	123	128	29	40	66	71	81	90	46	58	136	152	11	12	45	53	112	149	88	102	35	52	121	143	216	269	60	78	33	36	45	48	4	9	28	29	34	37	37	39	28	30	28	31	19	23	21	23	54	67	18	27	18	21	5	5
chr19	16360791	16361117	56	63	46	53	37	41	22	28	31	32	0	1	20	28	39	46	69	74	23	28	23	24	50	53	88	93	47	57	44	56	58	70	120	150	23	27	2	2	13	20	13	15	11	18	25	31	7	18	23	23	33	38	24	26	9	10	14	18	6	7	17	20	13	19
chr2	68206097	68206537	81	85	51	55	76	87	34	41	40	43	17	20	66	82	51	57	89	92	45	48	27	36	50	50	126	137	79	96	77	90	103	118	169	197	44	56	10	12	25	29	24	28	20	24	18	23	24	31	8	10	28	32	26	27	7	8	11	15	25	25	24	33	20	22
chr2	203940822	203941094	301	346	96	106	210	230	86	111	160	181	12	15	93	112	134	152	205	240	72	101	113	127	89	106	213	266	178	206	104	129	234	297	390	560	104	142	19	26	65	108	102	118	62	79	55	58	33	35	35	41	35	60	29	34	27	40	41	83	58	77	42	80	17	19
chr3	195555001	195555312	59	70	26	28	43	46	26	29	18	29	5	5	34	48	16	19	99	111	36	52	21	32	46	57	36	37	42	53	41	48	47	67	103	126	48	62	6	12	21	26	31	38	18	23	23	27	7	8	15	19	24	27	10	13	15	20	13	16	16	17	28	40	24	25
chr8	60867822	60868553	139	159	67	91	104	108	45	57	68	77	20	22	86	99	118	128	209	241	68	94	53	54	89	99	207	234	124	151	76	106	147	182	259	290	99	122	27	31	69	84	59	64	31	34	50	56	18	33	31	38	21	23	49	66	38	44	23	36	31	37	37	47	39	50
chr9	137721668	137722123	46	49	36	37	46	54	22	31	27	31	9	9	36	39	22	29	45	47	34	35	21	27	38	42	68	73	40	46	41	43	67	81	99	114	25	26	2	3	9	12	11	12	8	10	19	23	9	10	9	12	29	35	14	17	19	19	13	15	14	16	8	14	8	10
chr1	1764832	1765723	342	399	166	191	165	184	125	158	89	100	159	163	136	212	186	219	269	294	112	122	91	102	102	124	436	470	186	230	145	182	266	363	439	507	231	282	47	61	87	101	16	41	23	71	53	91	93	176	22	51	48	124	39	85	57	94	40	104	23	44	57	70	25	42
chr1	10390696	10391420	110	114	57	65	97	103	77	89	63	64	19	21	53	78	82	88	130	147	108	130	27	34	68	79	121	131	60	80	46	58	88	118	245	269	95	111	11	16	17	22	2	21	17	30	21	37	11	32	16	51	36	55	7	30	6	20	11	28	27	32	20	33	15	23
chr10	104031445	104033492	197	228	83	85	104	117	73	78	79	91	35	36	132	175	112	127	207	223	121	139	76	85	76	97	223	243	126	154	141	193	242	298	390	445	154	175	26	27	60	68	31	86	21	57	39	90	29	70	18	43	43	93	30	66	40	79	26	49	36	76	36	69	28	63
chr11	1771151	1771789	254	334	131	141	78	93	100	134	135	171	104	112	75	157	114	142	216	242	87	180	86	98	82	96	268	309	144	195	76	140	286	407	489	593	206	251	18	26	43	56	14	97	13	55	17	89	16	94	33	145	42	137	16	62	8	76	42	86	14	77	37	92	18	71
chr11	34148479	34149204	186	206	123	129	70	71	89	93	138	154	53	58	99	132	103	104	121	145	86	91	15	16	41	42	214	227	97	108	70	94	148	183	255	366	98	114	12	18	23	30	26	64	22	84	10	39	36	50	22	36	33	67	20	37	21	40	50	72	27	51	33	67	11	27
chr12	55977960	55979226	472	485	226	249	227	241	176	205	219	255	111	114	146	198	162	185	340	369	223	238	193	207	155	172	376	418	175	211	199	236	396	483	498	548	212	244	36	46	93	118	43	97	48	94	43	74	31	60	34	76	74	133	27	48	54	93	71	102	63	127	56	95	37	84
chr14	23117539	23118286	329	358	195	203	301	318	206	220	304	334	98	103	143	220	153	196	157	182	126	152	94	110	85	115	284	310	183	258	137	178	274	400	658	718	255	295	51	70	71	82	50	107	49	124	40	82	39	62	37	87	59	138	48	101	20	58	42	80	41	74	79	135	63	87
chr16	85781839	85783019	143	260	30	67	67	118	84	113	87	137	64	83	113	182	94	126	271	377	181	261	60	68	136	172	165	234	100	161	102	167	245	360	479	533	157	189	32	41	62	71	19	87	19	78	15	69	50	137	42	79	36	71	14	71	22	79	39	80	39	59	49	124	12	43
chr16	88840003	88840879	248	270	97	107	184	195	131	152	86	93	92	97	154	211	198	226	263	269	211	236	65	69	60	63	259	268	131	161	160	187	257	344	607	651	284	309	40	46	31	32	30	104	31	71	18	81	54	129	56	86	21	87	22	73	27	123	48	94	34	53	67	102	16	51
chr17	81609577	81610335	245	256	123	128	110	119	207	216	55	59	15	19	92	115	149	165	274	289	161	171	80	81	62	74	192	202	133	156	159	202	214	290	406	429	104	141	32	36	67	70	23	56	47	77	31	65	21	39	22	29	47	74	38	86	18	30	38	68	14	28	26	37	26	45
chr19	2736932	2737651	230	238	103	120	145	158	83	94	106	112	45	52	153	181	151	181	126	147	169	192	57	62	88	98	275	299	112	126	98	129	204	260	445	483	105	122	39	48	42	63	8	22	24	37	10	27	24	72	23	75	43	98	53	88	19	81	47	79	31	48	15	53	25	72
chr19	4859692	4860361	262	294	209	239	138	146	178	192	136	149	69	69	90	106	103	118	136	154	97	117	49	59	87	106	288	305	133	164	146	183	218	251	330	368	104	120	17	21	19	30	29	89	25	48	66	91	41	69	39	73	30	66	30	71	60	106	30	44	36	57	46	67	24	42
chr20	44075321	44075809	127	175	32	53	194	239	93	162	86	99	64	66	113	171	111	117	239	253	128	144	49	52	114	151	322	355	122	163	170	206	205	298	685	812	99	116	24	36	46	61	17	62	30	58	21	47	32	55	7	26	33	47	22	62	29	46	38	53	24	50	72	97	29	41
chr20	62185863	62186228	79	90	31	36	76	92	28	37	46	53	53	54	29	60	49	54	106	118	71	81	10	13	77	103	187	206	56	85	78	111	79	125	260	329	41	60	10	20	24	30	0	28	10	29	7	24	3	11	11	25	7	29	16	37	5	16	11	29	12	32	21	34	10	20
chr20	63906214	63907632	333	369	105	118	274	290	139	154	133	152	92	116	170	204	159	186	390	427	226	245	120	137	289	364	373	405	161	200	208	256	318	397	665	736	289	331	51	75	54	66	41	98	28	68	55	122	69	100	48	78	52	107	43	103	52	97	95	145	16	57	26	62	26	55
chr21	36199837	36201023	534	623	257	275	219	235	291	325	379	442	199	212	305	353	300	319	453	480	246	278	120	160	153	200	527	578	384	436	277	361	336	416	754	846	289	355	57	75	118	148	76	171	87	136	77	109	101	210	48	78	92	169	70	150	46	75	155	185	83	123	119	177	77	135
chr22	31918005	31918379	87	112	44	47	69	96	91	118	33	40	27	37	47	119	47	57	127	157	72	101	45	58	63	87	93	133	57	78	38	59	66	116	133	175	58	91	5	10	29	46	16	37	6	15	34	54	8	42	5	28	19	45	21	40	6	27	16	40	14	40	10	40	12	23
chr3	15219872	15220269	130	138	68	92	175	209	55	67	116	145	37	48	92	138	73	89	164	191	86	105	82	99	57	71	178	188	161	193	179	221	179	216	304	327	131	164	17	21	62	67	36	58	36	52	37	71	20	29	34	54	19	47	21	61	14	40	52	68	30	49	34	44	25	43
chr5	17443877	17444294	124	143	12	15	107	113	50	56	93	99	15	15	71	100	73	92	159	173	71	75	96	100	41	54	144	163	97	120	95	110	133	196	194	283	102	132	3	9	54	70	8	57	21	107	18	57	12	49	11	31	7	32	1	34	22	46	26	43	14	67	46	108	16	43
chr7	2076899	2077219	202	219	90	109	191	207	148	161	140	152	94	97	152	287	112	123	228	241	209	233	38	48	111	117	296	326	102	128	181	188	245	347	754	807	207	221	28	37	43	51	9	106	31	64	22	53	36	133	29	70	54	88	25	73	22	68	24	64	13	73	57	72	1	27
chr7	2792346	2793418	224	288	158	162	157	163	83	98	131	136	59	62	140	195	141	161	242	254	165	190	80	81	183	219	356	389	156	207	280	321	272	356	615	669	186	223	18	20	81	96	24	80	38	82	21	59	81	117	28	92	90	172	17	101	27	60	47	87	15	43	27	113	43	88
chr7	30437865	30438268	200	216	72	76	107	120	60	62	116	122	47	51	121	154	111	115	110	118	95	99	77	84	116	123	212	224	100	118	118	143	141	165	363	398	89	100	14	21	23	25	16	41	39	74	26	77	34	61	13	41	38	85	25	63	17	32	23	56	26	66	40	46	27	50
chr8	127810870	127812014	134	179	141	169	72	112	55	71	96	114	9	14	54	84	165	185	163	173	82	96	42	58	62	79	174	197	68	101	79	130	133	198	228	298	98	141	26	44	33	51	7	51	20	36	9	27	25	50	3	20	20	43	7	35	12	46	20	38	3	14	19	45	20	51
